doc_id,relative_filename,byte_size,sha256,source_role
41381_1220705043_0549-01468,41381_1220705043_0549-01468.jpg,1180809,eaffa6b41b945fa75d454f98d1ea94ccfeb2165dd8bb9c325bb1447f8bae844c,source_document_jpeg
41381_1220705043_0549-04785,41381_1220705043_0549-04785.jpg,1187357,230591b8af0bff19dbcb2bf8da3f9e49d7e9e0f314ebe2821128fdb8e22af1a2,source_document_jpeg
41381_1220705043_0567-00432,41381_1220705043_0567-00432.jpg,1115882,8a35c01d207cfa665c21f63e813bb679f9c6a3c5eb19ffb381e7ba9908fbe178,source_document_jpeg
41381_1220705043_0567-03648,41381_1220705043_0567-03648.jpg,1080728,04d672069dbe8203b3719363e2b60191e676873db47646fadcc5a6e525730a8a,source_document_jpeg
41381_1220705043_0569-04291,41381_1220705043_0569-04291.jpg,1044024,c9f2315f3acc020b3db2cc83d4c8285c15cd9ea94a32a6d5af31f98146c6256a,source_document_jpeg
41381_1220705043_0570-03135,41381_1220705043_0570-03135.jpg,1027296,b990cf6e917025b39af7963925e25b5cbc5d9a74939347bb4cdc36ae65682ee9,source_document_jpeg
41381_1521003238_0706-00333,41381_1521003238_0706-00333.jpg,845305,22c5634df195ce65b1a8257cc09b05516eab41b42bd8cd0b75b1f984ad77b961,source_document_jpeg
41381_1521003238_0710-02013,41381_1521003238_0710-02013.jpg,1164188,5eac4d4317e46861ecd629ab3a3f20b25f5cc1a9d3c9f5fe9f6485ba35af29ed,source_document_jpeg
41381_1521003238_0714-02004,41381_1521003238_0714-02004.jpg,1045136,ea2b09082aa4b3fdf337fa024eddd486ad495c1281d1954cea6ad44f19138348,source_document_jpeg
41381_1521003238_0714-02296,41381_1521003238_0714-02296.jpg,971230,d5b501710977ea53d7ff75d44bd3d598d7e08a44650ba790646d256aca7b4a0f,source_document_jpeg
41381_1521003238_0714-03434,41381_1521003238_0714-03434.jpg,1038571,dfe267cca718a55e1a8132699a2c65f123c1d8485d2709cc797ab7962f84d4ab,source_document_jpeg
41381_1521003238_0716-01264,41381_1521003238_0716-01264.jpg,941810,c80a243cc3e281496426dad050b6ed6a073817167fc9f6635ae7a7c7f26e2789,source_document_jpeg
41381_1521003238_0716-02520,41381_1521003238_0716-02520.jpg,930540,9719b6f66faaeaef2abbfb19e33f17e7d951a028f6aa740e6a85c7795a7cb09f,source_document_jpeg
41381_1521003238_0718-02385,41381_1521003238_0718-02385.jpg,843829,c25bce6351cf86f4958a0c972f672df665eb44114f1615d387b2a6f6e9e68750,source_document_jpeg
41381_1521003238_0719-01652,41381_1521003238_0719-01652.jpg,848065,95488d5bf030f946fd5a3fdfe801af1d1ea56a0f4890bbe52e858d00fd4a8039,source_document_jpeg
41381_1521003238_0720-01696,41381_1521003238_0720-01696.jpg,892282,875433cf846ac52609a1d4bbc9a177ffd6c14e2f460b264abdb7359df99f5fa4,source_document_jpeg
41381_1521003238_0721-00273,41381_1521003238_0721-00273.jpg,801592,02eebf7ecd50b80a115806965881a249545da269f416a37d903486bd6e46bcba,source_document_jpeg
41381_1521003238_0724-02244,41381_1521003238_0724-02244.jpg,1033939,af04b2bbffd095ac8166e0676c317c08beaaddd008ba0b8af27d3a5534c1cd8c,source_document_jpeg
41381_1521003238_0726-00957,41381_1521003238_0726-00957.jpg,1387362,7d336e6159a98fe87ada8c4252cc9609a10b14181e0f2bcb48dfd4f6cf20e294,source_document_jpeg
41381_1521003238_0729-01547,41381_1521003238_0729-01547.jpg,979393,391da1fd851e70f23b330d9b432e01ad4e3d5a22fd852a8a0ddbf493190028bc,source_document_jpeg
41381_1521003238_0729-02925,41381_1521003238_0729-02925.jpg,1345277,e1231de3aaccc973e53fa65b077a3ba38314f2b4507eee78d93c21289baf9b46,source_document_jpeg
41381_1521003238_0730-00576,41381_1521003238_0730-00576.jpg,1178794,8b09820ce091c51bc07954f6531f524159139346145aedc6e045a642c5811da2,source_document_jpeg
41381_1521003238_0730-00974,41381_1521003238_0730-00974.jpg,1151030,0335816fd4e9d24ec4ecf510b96e9e97dce9e27f0f3d461a26eb2d2a4d6d9712,source_document_jpeg
41381_1521003238_0730-02021,41381_1521003238_0730-02021.jpg,1191056,dae7fbe96286b4d8e98ed5f315276abc93c27cb1a6efeccab65cb1fa616b4ef6,source_document_jpeg
41381_1521003238_0732-00967,41381_1521003238_0732-00967.jpg,1298709,f93febf17ca05d2dffadc96ff4850150768c7801dc8e174fcda77b7d3af30e6a,source_document_jpeg
41381_1521003238_0732-01106,41381_1521003238_0732-01106.jpg,1148532,774a791e39a13118d7f91f0e2d7f0318c696c2fe8c9bf3ac0f2f7dc60d5711eb,source_document_jpeg
41381_1521003238_0732-02113,41381_1521003238_0732-02113.jpg,1286856,1a326ff83bad78d82aaca5a45124292b94e15b3d5c226dfdfdbf7b7fcf143550,source_document_jpeg
41381_1521003238_0735-00656,41381_1521003238_0735-00656.jpg,1079427,2148c503eb4079bc5fb21b99e3ec97a13acd922c4dca70387c3ad1e708f11f85,source_document_jpeg
41381_1521003238_0735-00861,41381_1521003238_0735-00861.jpg,1267989,1cd1039a348b3a207653acc7f1e6ae30934d940cae99f3c0e678c761a9d2136a,source_document_jpeg
41381_1521003238_0738-00294,41381_1521003238_0738-00294.jpg,1111902,0ad0313d43dc2bfae0d26ae0bc458868cf40eb4aeeaebdc04a5cbaf7921f6481,source_document_jpeg
41381_1521003238_0739-01882,41381_1521003238_0739-01882.jpg,1312505,36ac03fe9da02b0d1c1581ccbdc449a53d80574545edd4183d02b6d3aeec41a9,source_document_jpeg
41381_1521003238_0739-02879,41381_1521003238_0739-02879.jpg,1265806,4523e0ab1c14053e17afa228508d1d7a397f22bc129951b6ac1937c86c992786,source_document_jpeg
41381_1521003238_0741-01672,41381_1521003238_0741-01672.jpg,1441986,fe8febd488929b79ed3e87f45218e0d354a04d664ebf63b94c4a3a20dd176623,source_document_jpeg
41381_1521003239_0698-00988,41381_1521003239_0698-00988.jpg,944226,8154722f48525c70802c954235f4816b11ec5f31f8b2c3bc9bdbb968ce68db18,source_document_jpeg
41381_1521003239_0703-02868,41381_1521003239_0703-02868.jpg,972171,94af7bf8ffb5d5cb943cd9f04da3566d58c35d7a07b5ee53132cfeadac6d974c,source_document_jpeg
41381_1521003239_0714-03139,41381_1521003239_0714-03139.jpg,1063931,584e4e47142deab2d1945c127c4e03fdc91c65750f0bb90e6cd891d62cd11643,source_document_jpeg
41381_2321306652_0582-02391,41381_2321306652_0582-02391.jpg,1013086,c742864ae3966157842a166bcfcef7fa8d79ed9510e6af0e834668418f8d1a7a,source_document_jpeg
41381_2321306652_0585-02357,41381_2321306652_0585-02357.jpg,989765,d2ce09417becf142bcdc984a7924ddc89ebb338716148bc57adfc6e792b3aba3,source_document_jpeg
41381_2321306652_0585-03551,41381_2321306652_0585-03551.jpg,853525,0df8d8c99e93679a9615383d0411cd3713475e9e4e1c748aa71bcc1398a22a13,source_document_jpeg
41381_2321306652_0586-01353,41381_2321306652_0586-01353.jpg,1045170,9b3c3bc6e68306a71f10ab4e424d9ee2c28d47a01069bf352188c63e63a9786b,source_document_jpeg
41381_2321306652_0586-01500,41381_2321306652_0586-01500.jpg,942824,dd927278f93c0106b628dc31fbfd9e7989a4b2acfbf1124b3c7001e3cbd2f770,source_document_jpeg
41381_2321306652_0587-02116,41381_2321306652_0587-02116.jpg,909561,9e3b2ca1c1df11bb7ddfd479ecfc6cf3e96d70f03b0454bc253154461dafe101,source_document_jpeg
41381_2321306652_0591-00186,41381_2321306652_0591-00186.jpg,875631,72bd1fdb53959957b01bdc5133bad54465bfc4f7c8df53fbd025076f21f1ffd5,source_document_jpeg
41381_2321306652_0592-00067,41381_2321306652_0592-00067.jpg,895296,edc2b8dc0f8f1b782d9b4a22f2df873e93139ff0e5d7c65f3544d8ec29452d42,source_document_jpeg
41381_2321306652_0593-01729,41381_2321306652_0593-01729.jpg,924065,fd8ecf373f8fef5952d08c8d46e302549e8e55fc07899989416eea65a29a227e,source_document_jpeg
41381_2321306652_0594-03279,41381_2321306652_0594-03279.jpg,999596,07ecccca4b6cce85dab1e3d2ac9f6ccd9b32a8ae8d75c8e441d784985782c472,source_document_jpeg
41381_2321306652_0596-02148,41381_2321306652_0596-02148.jpg,836667,630e9e506f636ebca410ec94b1a63137ebc449430d2bc71813ef93e4f58516a6,source_document_jpeg
41381_2321306652_0598-00741,41381_2321306652_0598-00741.jpg,964633,42eefe2b36e0fa991ec92740bf0229db0a36d9958677dba65c83e7fbefaf5276,source_document_jpeg
41381_2321306652_0600-03604,41381_2321306652_0600-03604.jpg,1172552,7543ec093e3732d7e5094ee870752e7c522acda8121ab943f5ac51b707e3f72a,source_document_jpeg
41381_2321306652_0602-02699,41381_2321306652_0602-02699.jpg,901912,0856bec5c273c4e161a4b1d53d63692451c00957db006df0933304eee66f5e84,source_document_jpeg
41381_2321306652_0603-00218,41381_2321306652_0603-00218.jpg,838476,9899be0b8a24312310460e0b6c9c6cfcc18248d05d4e1eb92b8976bbefb54e20,source_document_jpeg
41381_2321306652_0603-01016,41381_2321306652_0603-01016.jpg,1036823,1d0556d7e75688c023f8c0e3a2dac224e2ddacc96d8d64283727528499a12dbe,source_document_jpeg
41381_2321306652_0604-01312,41381_2321306652_0604-01312.jpg,943206,76be07bd82827c059e74b870c5af2cb64bbb1a2eaca6613d278ade8930a3cc47,source_document_jpeg
41381_2321306652_0605-02578,41381_2321306652_0605-02578.jpg,889193,d810b7ab54b08754d1771d770269f6f2fef5a61a68e3bc33b4271f4b965eac03,source_document_jpeg
41381_2321306652_0607-00042,41381_2321306652_0607-00042.jpg,1068724,af3078ceaa13791e660dc37ae736b744a4bc46273c1a7355eea8fcb2c70ccb10,source_document_jpeg
41381_2321306652_0609-02932,41381_2321306652_0609-02932.jpg,974047,4db5f762084be1e07571ae2d78a1dc72b099db181f4df2c41b3d5affa984d765,source_document_jpeg
41381_2321306652_0611-02829,41381_2321306652_0611-02829.jpg,908472,e200465452bd127d682a02f5109e8a35330fdd5bf36f5f7d1ba65a74d0e8e209,source_document_jpeg
41381_2321306652_0616-02545,41381_2321306652_0616-02545.jpg,1064614,8a2062e5210349292c63b0206e6079147442bf3759bfdc85a9ccaf30fe1e8c64,source_document_jpeg
41381_2321306652_0621-01129,41381_2321306652_0621-01129.jpg,1071794,8bb25373a3267b00f9afb042ca4444847baefccf8b2f58c69485b0c8c6c3859c,source_document_jpeg
41381_2321306652_0623-00750,41381_2321306652_0623-00750.jpg,1075516,f4e1896f8bca483d20976a568e69680e2f78b0d7a54275b4399e90b62a9d4422,source_document_jpeg
41381_2321306652_0623-00912,41381_2321306652_0623-00912.jpg,899659,b27e39aae8576925d0990a40c248c77db20bde34e6d7d42e8d6f6dbe1f425657,source_document_jpeg
41381_2321306652_0623-02235,41381_2321306652_0623-02235.jpg,876079,3cfa9f66a2a5e3c53550ca56e244e332fe5cd906708ad855cd52489252847698,source_document_jpeg
41381_2321306652_0624-00080,41381_2321306652_0624-00080.jpg,1021911,c7ca21625acdc883cf81abcecc0bf34b311bbe12fb41bf6659d22a1b92929336,source_document_jpeg
41381_2321306652_0624-02871,41381_2321306652_0624-02871.jpg,891658,8e9fae7bdfef97e801d5e32deedfae12e8cf7cba395587323869d5f9bdc3e7a8,source_document_jpeg
41381_2321306652_0626-01464,41381_2321306652_0626-01464.jpg,985215,faea1af3c8fc304f470033a9d1ac1bb911f2eb3be60bc31aee869e7ea941b711,source_document_jpeg
41381_2321306652_0628-02683,41381_2321306652_0628-02683.jpg,966999,4fcd51def60e7012b3eea1ae2449b684abc6c7b225de9b26882a35e2c85b8766,source_document_jpeg
41381_2321306652_0630-00216,41381_2321306652_0630-00216.jpg,1210772,35de77673c1431ba846d32a2249f1a3c6074c45ff540fcaef12efae32e768b98,source_document_jpeg
41381_2321306652_0633-00764,41381_2321306652_0633-00764.jpg,888124,82ed01bb078880dc0e46ab35b90cbc176f7739517b9951663ced52321036b3fc,source_document_jpeg
41381_2321306652_0633-02506,41381_2321306652_0633-02506.jpg,858819,a66c78ba9c0127dbd4f640193837c14b3734d417be39ddef8ceb107d954d283e,source_document_jpeg
41381_2421401574_0575-00205,41381_2421401574_0575-00205.jpg,1306569,2f4e7d9eaa4603a5d75585e8c0546e2e3d1cf01dd9e776f34947b569093411ec,source_document_jpeg
41381_2421401574_0575-01734,41381_2421401574_0575-01734.jpg,1371850,c8c2e19287fb5a024d5f33a859aa2d2d815d6e668cf6445f92f06ab9901a8280,source_document_jpeg
41381_2421401574_0575-02391,41381_2421401574_0575-02391.jpg,1318666,f60f4c52467ab2290068a4e373aaac344178f65fa6c1512abd197d0bf4a18f9a,source_document_jpeg
41381_2421401574_0578-00256,41381_2421401574_0578-00256.jpg,1342140,2b7d14b4cb47a81d79861d65a50c8be5b6a6c1a473a00bd8522ce7d899ccf0bb,source_document_jpeg
41381_2421401574_0578-01766,41381_2421401574_0578-01766.jpg,1348014,efb453316af785c7615027c89d6e9fad5a7e1de91fc33f5619649320e4f7a9de,source_document_jpeg
41381_2421401574_0578-01845,41381_2421401574_0578-01845.jpg,1512233,5aa5d6efcf6ec544c115fb03dbafc73a8501215466a6383cb92e49b4c59ebbbe,source_document_jpeg
41381_2421401574_0580-00438,41381_2421401574_0580-00438.jpg,1436348,3c4538981cbd63b1609d6e57b8f87524dfab55ef7408cb21cbd56cbc5244b12f,source_document_jpeg
41381_2421401574_0580-00587,41381_2421401574_0580-00587.jpg,1396530,a0587b86e3f5d52a0b8c443723ce7442611a7c5c29fec677da9bd10d387221cb,source_document_jpeg
41381_2421401574_0588-01369,41381_2421401574_0588-01369.jpg,1412777,7d00407f9b4be0b22297812bf34f11e49776ee9d1662ceb5b6f5413bee02ad08,source_document_jpeg
41381_2421401574_0589-01804,41381_2421401574_0589-01804.jpg,1438859,3576f53e5d394c704cd9756d5bb8d8cd79b35f6bcbd7290b07d79b0a4b6ec00c,source_document_jpeg
41381_2421401574_0594-00146,41381_2421401574_0594-00146.jpg,1325922,f4280b3a6dea549045ab6ee5439b4d6ed2c59875e0b199cb7f770f780653ccfd,source_document_jpeg
41381_2421401574_0594-01047,41381_2421401574_0594-01047.jpg,1446137,c5e3563c55d477845f5f785c4fd99c21f9b448b18bae3525fcce29703d5955f0,source_document_jpeg
41381_2421401574_0594-01414,41381_2421401574_0594-01414.jpg,1358201,0475441c0217d1456906c3d65878f2ad4fabc464edff55d97877d9e9b238c32f,source_document_jpeg
41381_2421401574_0595-01788,41381_2421401574_0595-01788.jpg,1373722,3870ab59a3bf100639d5cb955638655734403efc70324bb13339c64036b4cbda,source_document_jpeg
41381_2421401574_0600-01955,41381_2421401574_0600-01955.jpg,1324004,d9026c32b2acc33d108c611c246da7d784247ba8a5ef96c370b82c2aa115b8bb,source_document_jpeg
41381_2421401574_0601-00187,41381_2421401574_0601-00187.jpg,1499193,ee8f054d6aa946ac8a6c71ecf501f3aad7e802737cdac8b162b1fdf1ebee9d31,source_document_jpeg
41381_2421401574_0601-02359,41381_2421401574_0601-02359.jpg,1295674,408ed80b24eec1c93f3d6dec73e4d91f9c63c869ea7f7520add2d5db47c3811f,source_document_jpeg
41381_2421401574_0601-02704,41381_2421401574_0601-02704.jpg,1363534,a11cc994eb42b54825066b7c2f20f68cf7adb3e5cb1f764936d46cbb419ce7f6,source_document_jpeg
41381_2421401696_0481-03176,41381_2421401696_0481-03176.jpg,1200296,4533698bbbb5510d81b29896744a94c5fc6fe4cf653cd471e14a6b62debf8e78,source_document_jpeg
41381_2421401696_0483-01846,41381_2421401696_0483-01846.jpg,1190180,71a5d023e35857c197dfb7d39fe88b17ed95c44136f2fdd0b09eb43a61578245,source_document_jpeg
41381_2421401696_0486-01013,41381_2421401696_0486-01013.jpg,1004538,4c95b641d8f560ad6f8e2e7012e3950dd6c260f6ba61aeef92bc9304b070230f,source_document_jpeg
41381_2421401696_0486-01227,41381_2421401696_0486-01227.jpg,1005912,f8223809b899dc91d6976b1836732d0dcff16e91af64c9fefa9f14fe1e7c7157,source_document_jpeg
41381_2421401696_0830-00461,41381_2421401696_0830-00461.jpg,831720,2a668851ec2acde6ffa70c1d86cd87bb2ac224f4eb87d8417176ff8be15bebf5,source_document_jpeg
41381_2421401696_0830-01230,41381_2421401696_0830-01230.jpg,1035063,1bc971e29161e911f281908d75114ab3c0df4de8c92e9e30ac1d997465280fd9,source_document_jpeg
41381_2421401696_0831-00242,41381_2421401696_0831-00242.jpg,1018803,bd891910c6937ad335cf01c47fb24bc5d1109cd355778d59456e43d2dffafcfe,source_document_jpeg
41381_2421401696_0831-01928,41381_2421401696_0831-01928.jpg,1079861,145ac284cbca5d64778101c7d5a07201d0fa337c1e159a3dcb1d3a6234bb337f,source_document_jpeg
41381_2421401696_0834-02179,41381_2421401696_0834-02179.jpg,988921,d8edd13edd435da5dea89a9ca004bad60817791f26db4ecf243d6c4056ea3321,source_document_jpeg
41381_2421401696_0836-01175,41381_2421401696_0836-01175.jpg,1022926,bb764d0944117610e69c570ae9c6feb4d487b4c8b5264c392633130cfd1515bb,source_document_jpeg
41381_2421401696_0836-01232,41381_2421401696_0836-01232.jpg,1091383,71e316bbec36acaca80935c90ca02842631dd1af2a398ef262bd72957aa6b3f4,source_document_jpeg
41381_2421401696_0839-00877,41381_2421401696_0839-00877.jpg,1142837,bcca7c1eed0d02502e4f72a17b4cd07426025eacbb91d6c0188be80726e30bb2,source_document_jpeg
41381_2421401696_0840-00248,41381_2421401696_0840-00248.jpg,777826,55264c602a3cd5373545e51999778d0a87922cd6399782936230eaeebc259786,source_document_jpeg
41381_2421401696_0840-00708,41381_2421401696_0840-00708.jpg,804585,a8dc46e03b0ea08faee322095d1ae6f37dff91d3c80c0f110777dd150b3d54c5,source_document_jpeg
41381_2421401696_0840-00879,41381_2421401696_0840-00879.jpg,679217,822968329b327f383128534a3d8e81d4db87b9f48bdf5c123f63d2b162d25cba,source_document_jpeg
41381_2421401696_0841-01943,41381_2421401696_0841-01943.jpg,962241,0b44f49729b59b5a2db7b0e3a8533ad70131d7483347d6dbd4c456cd3ded7967,source_document_jpeg
41381_2421401696_0841-02005,41381_2421401696_0841-02005.jpg,861614,f6d1c731549e333f7b7a1d96218fee177648e45c981789c233d0cd18f09ff096,source_document_jpeg
41381_2421401696_0842-02718,41381_2421401696_0842-02718.jpg,724383,0af145e046cddbee665521cc05dbdfcbbeb6a95fd40cd73b9e883eacfd5ec2cc,source_document_jpeg
41381_2421401696_0844-00916,41381_2421401696_0844-00916.jpg,816925,fed33ea0f5986279978822e4a4b4999b33eb95fdb56d9fb673f6d5197495e5a0,source_document_jpeg
41381_2421401696_0844-01845,41381_2421401696_0844-01845.jpg,810789,5c5dc62b5a0148d86e9f061972965141127a442bde0df3839620d83a276a6b1b,source_document_jpeg
41381_2421401696_0848-02388,41381_2421401696_0848-02388.jpg,1075115,7ab7be1207988f580320419c74e0bea05d193b225062bef03917c03411cb559e,source_document_jpeg
41381_2421401696_0849-02772,41381_2421401696_0849-02772.jpg,857140,ce383ede9cfaf8c598649b65acfd923177d5d0948f20e806da22d71661823436,source_document_jpeg
41381_2421401696_0851-01523,41381_2421401696_0851-01523.jpg,938377,b2d13a1b36493c44ee485d9a5fa69822eb8292e9f4b1f09eb6dc2e0400973dde,source_document_jpeg
41381_2421401696_0851-03440,41381_2421401696_0851-03440.jpg,846815,e2b623474af783bc0b2d3bf99ca9d4e8f33dac66b645cb9791a7fd5ebabaf31d,source_document_jpeg
41381_2421401696_0852-02382,41381_2421401696_0852-02382.jpg,950881,468cb54883f908b37b0bd8ff00eb5a191fece0053a863a1c5cef1b51d0693a5a,source_document_jpeg
41381_2421401696_0853-03292,41381_2421401696_0853-03292.jpg,941521,e04b1cb9e73d6d080ca52a0c865c235038af8d0303bd514ee5434ff30ee8af27,source_document_jpeg
41381_2421401696_0857-00076,41381_2421401696_0857-00076.jpg,1107673,b60967156598a8c13e9c450f9fdcd26182546db03be922e179144abebba049cd,source_document_jpeg
41381_2421401696_0859-00372,41381_2421401696_0859-00372.jpg,1087472,a77a39498f579d30199e080d1e8be539b9bddbb73a0d1e4cbb9e386eda5ada67,source_document_jpeg
41381_2421401696_0859-00381,41381_2421401696_0859-00381.jpg,1058065,ada73878dd6f73507652c9b65a2f53486efddea4f58a7ee5e934b437ff3df3fe,source_document_jpeg
41381_2421401696_0861-01894,41381_2421401696_0861-01894.jpg,864815,8b13eb9d50fe068b49dea023bafd095b5110a823a2fdfea4eebed559822d0f22,source_document_jpeg
41381_2421401696_0867-00616,41381_2421401696_0867-00616.jpg,900202,5d20fedb28f6ebb4b0667843d955994e8a263e6d0c926cb90551ad87434290c2,source_document_jpeg
41381_2421401696_0867-01346,41381_2421401696_0867-01346.jpg,1034696,1bc5f6bbe1928bc5afec03ab0d63aefe1afb54d0f2647afd6788dcef93a205b1,source_document_jpeg
41381_2421401696_0869-01362,41381_2421401696_0869-01362.jpg,1006818,9e948a2dde7004d4463bfcd48081f7261946b8f9540877ae1f330a6f3cfb62fa,source_document_jpeg
41381_2421401696_0871-00284,41381_2421401696_0871-00284.jpg,1100009,eacff6ffa9f8484fe78d1d9ce2741a0c1126922895e964c4e2adc9cc80f7daec,source_document_jpeg
41381_2421401696_0871-03977,41381_2421401696_0871-03977.jpg,1075533,6b2e626b7c7b0727f76d431e163521518bb705ed0c9316afce66003e87c72c8c,source_document_jpeg
41381_2421401696_0872-00093,41381_2421401696_0872-00093.jpg,1110668,c674e484f1d1a56cfd06f776cb4d32f8c182dbc55d979067a71f84ee8be5906e,source_document_jpeg
41381_2421401696_0874-01387,41381_2421401696_0874-01387.jpg,1125792,1f042d81e4d770e2558dbfafd60901892ca4f4eb8fbfc0984f36362e31db13c2,source_document_jpeg
41381_2421401696_0875-01793,41381_2421401696_0875-01793.jpg,876347,98553dff45759bcded18d6dd1463100a37ed6f2bfbeb3b6dfbb4dfbc1c3806f5,source_document_jpeg
41381_2421401696_0878-00597,41381_2421401696_0878-00597.jpg,1079407,4833ad60292f62a25f369249603a15aa17778ca0fa5ec5208184c9a458593184,source_document_jpeg
41381_2421401696_0879-01042,41381_2421401696_0879-01042.jpg,1037524,66915057fa24e989b5dac8b7c23e449096be652c868bd13e99cb218285d94a79,source_document_jpeg
41381_2421401696_0881-02517,41381_2421401696_0881-02517.jpg,1149323,61259c4a34f917e565f814ebd6a5d1e531c3d363c89ad34179a74d68b1de871c,source_document_jpeg
41381_2421401696_0881-03410,41381_2421401696_0881-03410.jpg,1052317,9e1dda39241fabe1849f6190e07bae212f4a2c4bcc88ccd216e2dba4f3b5dea9,source_document_jpeg
41381_2421401696_0885-00663,41381_2421401696_0885-00663.jpg,1049985,afd906574b11fdc43856329befd6bab72b4cd07ce5c2987ff803003b668bf136,source_document_jpeg
41381_2421401696_0885-01001,41381_2421401696_0885-01001.jpg,1062016,64d9484d56ae8e2eedca07124878b636efa8064370c530093b77aca6eb253818,source_document_jpeg
41381_2421401696_0886-01658,41381_2421401696_0886-01658.jpg,951651,b00d4bacd539ff07ddf2f84fd4c50ed340fb76f27cdc83920d8bedcd1d0e4d99,source_document_jpeg
41381_2421401696_0886-02021,41381_2421401696_0886-02021.jpg,1063687,8362649b4dc0fb4a29dd2b253a156941e705020a2b453ab8fe4c7c3276bd015f,source_document_jpeg
41381_2421401696_0889-01774,41381_2421401696_0889-01774.jpg,1081026,c212fbdde36cc9f96bb2ab50d9f70e3c8503ddd93ec599c0c90e54b0e119cdd9,source_document_jpeg
41381_2421401696_0889-02825,41381_2421401696_0889-02825.jpg,1034206,26fb95fb6b076cd0de4caf24aac089853f2c3a5e1c6e86f6eecf2ceb37f03221,source_document_jpeg
41381_2421401696_0890-00505,41381_2421401696_0890-00505.jpg,1118416,f20a21af3685d475b75f71045237bd94bbb4621d08c63c664dfcc3fb20a9b96e,source_document_jpeg
41381_2421401696_0890-00979,41381_2421401696_0890-00979.jpg,1027895,47f684768bb3cdb83f121e705b4bb448678f6ac023a63a1b739db83f0906bd5d,source_document_jpeg
41381_2421401696_0890-01462,41381_2421401696_0890-01462.jpg,1169744,4352fc5a355e909fdd81362968418cbf4adeefa9ef468188d740702f1381d1e6,source_document_jpeg
41381_2421401696_0895-02717,41381_2421401696_0895-02717.jpg,980888,1ae4047768a8d0d2703c8fa5936435a5fdf6b066a9750d1cc05f138dd0740faa,source_document_jpeg
41381_2421401696_0897-02348,41381_2421401696_0897-02348.jpg,1267620,5012edef3be85e4b8884508ffd2f0ef554f22ce81e8af165c7315c35eb3f73d9,source_document_jpeg
41381_2421401696_0898-01388,41381_2421401696_0898-01388.jpg,1019774,73842a3d18e13fc6eb72be10fa570e6e8ed237449b0fcdebe517f6dc3af5f4ce,source_document_jpeg
41381_2421401696_0898-01533,41381_2421401696_0898-01533.jpg,1223578,bf91866824d336ef59220ad655bc32cd88ea98f821d35e44e26e76dd53900d05,source_document_jpeg
41381_2421401696_0898-01546,41381_2421401696_0898-01546.jpg,1149659,f1d225fec9b0979c6f206ea2102086afe10f3d1d103a67f69ccad7fbe3b8cf77,source_document_jpeg
41381_2421401696_0899-02253,41381_2421401696_0899-02253.jpg,1086146,b948d57db89de725dadf04b56e376cd4ff007b2aed5b61bf11c1ad0646e45ef6,source_document_jpeg
41381_2421401696_0899-03357,41381_2421401696_0899-03357.jpg,1007459,519a1bf2dbdad6abcbd8db84a038c66adccd29bf96572fb7292272e0321fe92a,source_document_jpeg
41381_2421401757_0387-01270,41381_2421401757_0387-01270.jpg,721097,52bee4851a7952cbeab971b3281da15c18a55f3dde3b867705f6f19e380adbfe,source_document_jpeg
41381_2421401757_0387-04545,41381_2421401757_0387-04545.jpg,964611,c941913c6cc6d93e7545284ed848d0498a9beac674d56a8c709b8da8fbdd9330,source_document_jpeg
41381_2421401757_0388-00182,41381_2421401757_0388-00182.jpg,940938,2fd386646045b5b571cb69d10fb47dce914541c33fc0ec119d1346ed7ff45b25,source_document_jpeg
41381_2421401757_0388-02583,41381_2421401757_0388-02583.jpg,842781,93b431426a780d36f100ff0019b7aa126e2bd80588e9aa312e8470138d095e4c,source_document_jpeg
41381_2421401757_0393-00417,41381_2421401757_0393-00417.jpg,849280,a91433114929c184dc7581398f2ccdb44e90ad480ddf0733095c4d57b2c68de3,source_document_jpeg
41381_2421401757_0393-00834,41381_2421401757_0393-00834.jpg,1091875,c1797ffc86a301475d51175d7ba6fe7bba6847e8067f0194d6495c71b484db76,source_document_jpeg
41381_2421401757_0395-01128,41381_2421401757_0395-01128.jpg,1101903,b0f7c5e798d3521368d7774e7390ddf5464cf32d129e140758b2d27f6805720b,source_document_jpeg
41381_2421401757_0396-01900,41381_2421401757_0396-01900.jpg,839149,1db3cfa915a8b91ec880565f7dd139ed9a77ac51ab0d98170a7739c750bb0ca8,source_document_jpeg
41381_2421401757_0399-00107,41381_2421401757_0399-00107.jpg,671934,57a228869ab14e30aeb9dc748e41dcf79bd2ab3b3ccad9cf53a6a1b3aa4f543b,source_document_jpeg
41381_2421401757_0399-01500,41381_2421401757_0399-01500.jpg,1064693,3a04cf0d8872e7d3ce148fa55a9a8eb3dab8ae41ca3a08fcea14262c3504f22a,source_document_jpeg
41381_2421401757_0399-03864,41381_2421401757_0399-03864.jpg,966108,e5d77d60e7dac1c4cd7829ff1fde7b10e8039cff57c99b898e3bc090f3aa45d9,source_document_jpeg
41381_2421401757_0401-01184,41381_2421401757_0401-01184.jpg,941850,c9098da28396e68da4cc9d2fd9e836fac57150567081c3f755e9728d5dbac5f8,source_document_jpeg
41381_2421401757_0402-01084,41381_2421401757_0402-01084.jpg,940048,517a3c929deb9153e5ebdc99964b096ca23864ba85b761a788fd3d4ef10028ac,source_document_jpeg
41381_2421401757_0402-01857,41381_2421401757_0402-01857.jpg,908892,8d419e2899e5dd6ad50fe5c97616da00f87a2f802e4d5aa5bd89b02428efe1df,source_document_jpeg
41381_2421401757_0403-02757,41381_2421401757_0403-02757.jpg,910300,6e2a66bd059639023e55dfa887735ebd91ed74d3f6a5bfb455fbbae5235d048b,source_document_jpeg
41381_2421401757_0403-03583,41381_2421401757_0403-03583.jpg,851331,d3dc057f53d2063d1d2f57827b561e42c071ca6f3f2f5cb47cf1206736c8f608,source_document_jpeg
41381_2421401757_0404-01128,41381_2421401757_0404-01128.jpg,917993,123608ad1fc91d30ba15ceee95f0a6260ba8e77db52c9c31d0eea5e4b8d2f07a,source_document_jpeg
41381_2421401757_0408-00857,41381_2421401757_0408-00857.jpg,884484,5453c78fc346bd3b77f7d980362c92c4e060595e5a102d7fd9e033d35ad2e5ba,source_document_jpeg
41381_2421401757_0408-02887,41381_2421401757_0408-02887.jpg,1063626,6fc5c8c19d958878f8d08c112c66b50e2a25ae87118828435654cf96bb218f49,source_document_jpeg
41381_2421401757_0411-01292,41381_2421401757_0411-01292.jpg,1074394,03fa48118bbf04b5709883636073dc1ddc1786d67f3154b87b47c15fef41ba56,source_document_jpeg
41381_2421401757_0419-02411,41381_2421401757_0419-02411.jpg,960150,72e9d13f6058fd0ee803d0611bf88d0ae09de9fecd868cd0d4d556de6505d776,source_document_jpeg
41381_2421401757_0420-00046,41381_2421401757_0420-00046.jpg,1184542,03ec28bd00b584114d5bf0134d542558a88a8ea3a585a983fed7cd05dcd33af2,source_document_jpeg
41381_2421401757_0420-00450,41381_2421401757_0420-00450.jpg,1019281,9de8873a995898be8c632af9c4030536327631b99dabb7a134ade6113daf3424,source_document_jpeg
41381_2421401757_0420-02976,41381_2421401757_0420-02976.jpg,1456089,ed8f95c247be211fe0efbb65e4b7846284c267fd62d6be69f264ebfbef894dc2,source_document_jpeg
41381_2421401757_0424-03078,41381_2421401757_0424-03078.jpg,1195437,d2212a0d4d70aab0858ce4f5464c91827bb12095b2f16e4bd54ad2fa63b0a051,source_document_jpeg
41381_2421401757_0425-01512,41381_2421401757_0425-01512.jpg,1144233,77c201b696bc3b09b3662d4eb33965825f127891ee2ade6b0ae39d4ea338a888,source_document_jpeg
41381_2421401757_0425-01958,41381_2421401757_0425-01958.jpg,1077492,661d9d6a9773225a40e7041e3a353b367f7b641a7184153eabbd9d7518876b8c,source_document_jpeg
41381_2421401757_0427-00048,41381_2421401757_0427-00048.jpg,1085481,219563c2109ae98205a09cf3ff790aafcd4228fa6139b6e8e4550f0d3dd15f6b,source_document_jpeg
41381_2421401757_0432-00492,41381_2421401757_0432-00492.jpg,946955,ea52535638dfecdd1fd497e1e3ab1a4caeb858607caa1493fcbe085495a5eee5,source_document_jpeg
41381_2421401757_0432-00820,41381_2421401757_0432-00820.jpg,943951,4e38afd69b48791128ab63fbf6bae98972e658c10ee632f02156b38fd4af71f5,source_document_jpeg
41381_2421401757_0437-02422,41381_2421401757_0437-02422.jpg,885749,0ecf1b471d14cd94e6d36f1057588982d203c28beee9f11bb4fdd31a8bc72864,source_document_jpeg
41381_2421401757_0440-02023,41381_2421401757_0440-02023.jpg,1083372,6517c694ee908aa5ca6e821cc828efb55836ccd5693f44c40a3ac64456becee9,source_document_jpeg
41381_2421401757_0440-03365,41381_2421401757_0440-03365.jpg,1106573,e060d344363dc02f4eab8b1f5eded285bdb56e465bef2be44901dffed87db676,source_document_jpeg
41381_2421401757_0441-01626,41381_2421401757_0441-01626.jpg,911570,0df832811e4ca7a6f722f428d4b5b3a536a19c7e3dc44b070b48cf5f61669700,source_document_jpeg
41381_2421401757_0441-02020,41381_2421401757_0441-02020.jpg,954666,5ef9044e98030b8386a0a86626e2b964c62551fee5ef7127e325584c3aee9242,source_document_jpeg
41381_2421402106_0693-01495,41381_2421402106_0693-01495.jpg,863565,dda5523dd20518653c6089d3873d6835ec7ef0ee4922d3a3bf79f4e1d6372242,source_document_jpeg
41381_2421406259_0559-02330,41381_2421406259_0559-02330.jpg,1390971,0dc8251b955c837935d3f1cb6e56d7a8c71ad59f8bdd211af8a089daba6c837b,source_document_jpeg
41381_2421406259_0559-02702,41381_2421406259_0559-02702.jpg,1439192,8531183bc1883670db98cf6443b7bad539db75cc5e790c246ea206e1903f2713,source_document_jpeg
41381_2421406259_0564-00247,41381_2421406259_0564-00247.jpg,1458315,bd5f2e1967ba820158d2d785941d93255e90ad99a2be9d16aa567d7e309ac6db,source_document_jpeg
41381_2421406259_0564-03106,41381_2421406259_0564-03106.jpg,1246628,4e0c71617cb7e8bde0fc3c0cf3732a4086a86311d73536efe46935dda7776071,source_document_jpeg
41381_2421406259_0579-00493,41381_2421406259_0579-00493.jpg,1427350,5792acea5afb29f5eecccd4669d9f6131e527ef3057e7eec25db4ef7013e0459,source_document_jpeg
41381_2421406259_0581-00517,41381_2421406259_0581-00517.jpg,1360249,a1357742aec367cc5ee65ead24d5e3fe0f90b81c83a32b4997a4dc34744b6e88,source_document_jpeg
41381_2421406259_0581-01322,41381_2421406259_0581-01322.jpg,1305657,32317f9436f58167deea9c0287e2767408402ba9f401f032d10f710dd6111f99,source_document_jpeg
41381_2421406259_0582-02169,41381_2421406259_0582-02169.jpg,1089523,d1f69e9300c2c0cb8f59df105eef22aa2f3058c0358820a0b629c9bc6db961cc,source_document_jpeg
41381_2421406259_0582-02852,41381_2421406259_0582-02852.jpg,1236482,68ba91184c776253db287a34b9c1a129d4f4713993765ecf78a70637897f2161,source_document_jpeg
41381_2421406259_0586-00448,41381_2421406259_0586-00448.jpg,1290547,d7851922fd8e1bbdb82a2431fb81ce1ca35a1aaf47b606165d1689e3e715f886,source_document_jpeg
41381_2421406259_0587-02190,41381_2421406259_0587-02190.jpg,1193974,2f0d2ff692616a93dd267aed3b0545556be66cb17bd4e2a0648edcf35cd453d9,source_document_jpeg
41381_2421406259_0590-02127,41381_2421406259_0590-02127.jpg,1417245,e985f347202ed5266c06aad6f4f9fed2af2dc9166f171c01c5052a67993a6ca3,source_document_jpeg
41381_2421406259_0591-00564,41381_2421406259_0591-00564.jpg,1530038,816fd548ed5b1cb573e76be4c113bd4a04971d0344d0b3dddc258dad1232951d,source_document_jpeg
41381_2421406259_0591-03155,41381_2421406259_0591-03155.jpg,1601062,0fe16d1361e99fb40565285929092d593f52c02cbe29718d9c4fb9e6f0738fd7,source_document_jpeg
41381_2421406259_0592-01328,41381_2421406259_0592-01328.jpg,1687018,649e235865b5bf3cd0a2e6df9778925578870f9085edeb8cd901638b33448962,source_document_jpeg
41381_2421406259_0594-03008,41381_2421406259_0594-03008.jpg,1570569,fa42e416c3e0238976460b2588cd98eeae41e99888a5f70bd686fa351c35f8e8,source_document_jpeg
41381_2421406259_0595-00789,41381_2421406259_0595-00789.jpg,1618507,58f0476a77e9b5d5091dc87269f910d39a682c3c2849b897b3a564fb91ce869a,source_document_jpeg
41381_2421406259_0596-00456,41381_2421406259_0596-00456.jpg,1541068,c12ea963859ff88d5e186be91a8389929293c96d8e8aac32c5270b2fea5c3a8b,source_document_jpeg
41381_2421406259_0598-03002,41381_2421406259_0598-03002.jpg,1740169,5844715478b81c2241934b89f5c3eeb6188173c424a2fec5a3fef344a8995220,source_document_jpeg
41381_2421406260_0560-02840,41381_2421406260_0560-02840.jpg,1124921,7f3438033a6965d7fdbc80af357fc6ad0199a7a09d3b42057ec3282d67feca3d,source_document_jpeg
41381_2421406260_0561-00183,41381_2421406260_0561-00183.jpg,973393,cd093ab1d336219f35a54b786436f7872aa0b6ccd96f56a5328128811264c059,source_document_jpeg
41381_2421406260_0561-01535,41381_2421406260_0561-01535.jpg,1029176,00e13e4a73df2758903ed9c5b538e3c2daac392fd81caa7f9c6c06bdbd705730,source_document_jpeg
41381_2421406260_0563-02844,41381_2421406260_0563-02844.jpg,1012712,4f4e34b6c797cc0be1a5d72fc7c44460c9a63ffabe2258408712b406e858af88,source_document_jpeg
41381_2421406260_0563-03634,41381_2421406260_0563-03634.jpg,1244879,d0b6e587e909523be8a65d73c8b892066de607f3ea4571933d16c66fce061a44,source_document_jpeg
41381_2421406260_0564-02321,41381_2421406260_0564-02321.jpg,924004,3eb1eede0c97ad5e9147b930ce25b56b051072cb5cc62a3aaee0a2c7a084c30e,source_document_jpeg
41381_2421406260_0566-01179,41381_2421406260_0566-01179.jpg,1023238,35cdf9332f9920f6ca9f002b96e58281b1ece653555fd690ce87e9021ea560d5,source_document_jpeg
41381_2421406260_0567-02047,41381_2421406260_0567-02047.jpg,879127,c42208921e5f88f3a332c6aae739a4eefc807f683429980f4f19d108f8fb8039,source_document_jpeg
41381_2421406260_0568-00967,41381_2421406260_0568-00967.jpg,1173189,cdbd64ef41404c813a084f0b2374b467388819b414dcac133aa7e14f9eecfd00,source_document_jpeg
41381_2421406260_0569-00866,41381_2421406260_0569-00866.jpg,999048,80cff866ec0044d7448b859bbcc06355f6e6b8d95be12b0974dd0f824148e5e8,source_document_jpeg
41381_2421406260_0569-02378,41381_2421406260_0569-02378.jpg,1088462,bbb4ee1c646eec4c40614c3627eeef7e64916c44a0cd713a5d3659d1f82fa69e,source_document_jpeg
41381_2421406260_0571-02188,41381_2421406260_0571-02188.jpg,985306,1751697192ac125724189963737e3b2547670b7f0939eddee7bd3c8b3017899f,source_document_jpeg
41381_2421406260_0571-02339,41381_2421406260_0571-02339.jpg,1028433,a46a12e3a159d2ff97cd713b888baf2cd3b28d42d37876caf50e86a6d9cb5a1f,source_document_jpeg
41381_2421406260_0571-03681,41381_2421406260_0571-03681.jpg,1077793,71bb74896e20e5b895f014fc685840e86f4b8709ff2d3702da3a9152401ab49d,source_document_jpeg
41381_2421406260_0571-03703,41381_2421406260_0571-03703.jpg,1141279,e52a8b7e9489a1d29758646ac8445241f9b710c56963a43ce44dfa89a2a41114,source_document_jpeg
41381_2421406260_0572-00178,41381_2421406260_0572-00178.jpg,961795,cb24457968d924c45ec0f8e084e433a204a10b9bfc042b6a9a137834301f1a1b,source_document_jpeg
41381_2421406260_0572-00601,41381_2421406260_0572-00601.jpg,1038752,5b3808fa4afaf91a876e82fcd924153b4d78a1c9e427c08a57711f52ef447ae3,source_document_jpeg
41381_2421406260_0572-01395,41381_2421406260_0572-01395.jpg,1058512,c22c6a03ae52c46b11b7550312f47467519cf1831d7a0d867b7199b46f2e9257,source_document_jpeg
41381_2421406260_0573-03207,41381_2421406260_0573-03207.jpg,1201653,08d9b8e2d9e62c17513ce494908eb1275e4982fb0962450f17fbebd1592cb33c,source_document_jpeg
41381_2421406260_0574-01742,41381_2421406260_0574-01742.jpg,1026576,33e5169f12ee10626954ab93a09d1485f1c5b2d04289e5775c670f1777d816cc,source_document_jpeg
41381_2421406260_0574-02071,41381_2421406260_0574-02071.jpg,1172871,4e7651b8223718f404f3a347df433c4d4ba72f73b3f3f17f361acb3aed3eab91,source_document_jpeg
41381_2421406260_0575-00700,41381_2421406260_0575-00700.jpg,1101479,17b1ab4d24e8f51234404c1a1675361f69dde6ba33e35093efcaa4c31387604a,source_document_jpeg
41381_2421406260_0576-02162,41381_2421406260_0576-02162.jpg,1079414,c64e219ffa70cbb7633894406e8364eb9e0c2aeb31117d0463a11b8df8a1f712,source_document_jpeg
41381_2421406260_0583-00810,41381_2421406260_0583-00810.jpg,1018914,1314aa54a1cee4879b33a3fea7ee43c9fcc745ff896322b1b7808e724f661ec9,source_document_jpeg
41381_2421406260_0583-01660,41381_2421406260_0583-01660.jpg,862168,832e8574427e378c4211b7da86adabfd2d56da0fc82b2a272d315cd7cd131fee,source_document_jpeg
41381_2421406260_0583-02123,41381_2421406260_0583-02123.jpg,957243,b925d571d10dafd7e2fe64e7c3e79239a47b71a560e62b3e9af5261c5da44b23,source_document_jpeg
41381_2421406260_0583-02628,41381_2421406260_0583-02628.jpg,920187,a7bb0d7446adce5cc88d5a46453a16f9e085e75959e8a970ead634924235d5fc,source_document_jpeg
41381_2421406260_0584-00325,41381_2421406260_0584-00325.jpg,1085812,add149166a2f52d61dd05ed7204e29e77637f5576ad55ebe27d62224b9ae3a5e,source_document_jpeg
41381_2421406260_0584-01335,41381_2421406260_0584-01335.jpg,1042371,bb90f86cc5d939da0b8cfd3973a6409e4b11432578cc77e1c82ef1ca1bc3f4ae,source_document_jpeg
41381_2421406260_0585-01560,41381_2421406260_0585-01560.jpg,903555,aadd42fb9a9bc9fcb679576565638b84b05bf8826b3d24741e7bae9c02b26ebd,source_document_jpeg
41381_2421406260_0585-01869,41381_2421406260_0585-01869.jpg,933520,d3ec1570067d46007ace045d47dea8c591fa7e5bf303f55f4d42669d09424250,source_document_jpeg
41381_2421406260_0585-03487,41381_2421406260_0585-03487.jpg,1128589,a3a70c0b76ddce06811f6d03cc1abae8dc650078f1756d7b47a4579ca127cb56,source_document_jpeg
41381_2421406260_0587-00735,41381_2421406260_0587-00735.jpg,951600,7aa55a691c0a6c285696aada4d257a1b86f5ae13d7b0d091826420d0b1cbbdcc,source_document_jpeg
41381_2421406260_0587-01186,41381_2421406260_0587-01186.jpg,1058519,4b3aa9d6a5aace0131302ccb4e90465fe5f28041e99a39f462d04f4cadbc23a7,source_document_jpeg
41381_2421406260_0590-02536,41381_2421406260_0590-02536.jpg,1152226,18291077b7187ba0cbcef94ec7cb1889d3dfa5037f6678c08b7e16e4a5aa2cf7,source_document_jpeg
41381_2421406260_0594-03383,41381_2421406260_0594-03383.jpg,1194854,ed66c93f116a97a9d33442be6116dd13d17a931db2982be2553ff8b7a1b405e6,source_document_jpeg
41381_2421406260_0595-01030,41381_2421406260_0595-01030.jpg,1092578,30cefbdacdb125b3c7ac4240c7b021ad880f250c7e4e1563a205c1c499cbe7e5,source_document_jpeg
41381_2421406260_0601-02811,41381_2421406260_0601-02811.jpg,1325210,1215f5da8a1eb3587a2dbeca9069815dd72e2eda1d7846be2c9b2dc85c4eaeed,source_document_jpeg
41381_2421406260_0602-00989,41381_2421406260_0602-00989.jpg,1179761,f0dbd089a1205b09888fb5574d7fa334bab5fac00f438ecb8fca018836aa2c1f,source_document_jpeg
41381_2421406260_0602-02750,41381_2421406260_0602-02750.jpg,1090544,13167955c937b025820a7ae73f798c2b5119c24d12ca43d63c3c96f84ca87e86,source_document_jpeg
41381_2421406260_0605-01210,41381_2421406260_0605-01210.jpg,1216592,8ce49ff820c4579ab7dc24f7cfd70730c4c2401b82fb327624d09bd6dcf886f9,source_document_jpeg
41381_2421406260_0607-02937,41381_2421406260_0607-02937.jpg,1111993,86efbd726d1c1cab9c62e9b4292c8c653c748c29dab587fadd37eec40ace5609,source_document_jpeg
41381_2421406260_0610-00309,41381_2421406260_0610-00309.jpg,1265031,c0f93940cb93933a1f952793048d546e462e801392f632647a4455e02c21b049,source_document_jpeg
41381_2421406260_0610-02848,41381_2421406260_0610-02848.jpg,1086795,d024c742fab70b5d3762e759dbcbf17a6c2f790911d6a6130c26131709204cc2,source_document_jpeg
41381_2421406260_0613-02353,41381_2421406260_0613-02353.jpg,1169750,535852b18adbc701c27dd7583816913af61344e1aa8b182692cdb98f9668416e,source_document_jpeg
41381_2421406260_0615-01154,41381_2421406260_0615-01154.jpg,1168405,a363dfb121489482aa3cc3b7fb553edf3e557cf62bf63550a64aa03ae8f44632,source_document_jpeg
41381_2421406260_0615-01491,41381_2421406260_0615-01491.jpg,1214073,bac82202c61e4ada553552b906b13c53c8b99b550c43d3fb24a1cc6b5d4d1073,source_document_jpeg
41381_2421406260_0617-02493,41381_2421406260_0617-02493.jpg,1177145,04430368b86fae58113ebfe473a2f66605ebe6209594bd2ace3d222ffcb06073,source_document_jpeg
41381_2421406260_0618-02228,41381_2421406260_0618-02228.jpg,1081479,858c0ef0aa7ff21810093b9aa7f06724d23270a35adeec7e6aaf9373121c112b,source_document_jpeg
41381_2421406260_0618-02298,41381_2421406260_0618-02298.jpg,1146125,0c81f6d3c25963c1b32642dda8230d48071a8725e0e7134622381f968cbf097c,source_document_jpeg
41381_2421406260_0619-01281,41381_2421406260_0619-01281.jpg,1080649,3da57c57aebb2555fbb2be3263a9d632d9f6e3a960537d506c1ce8bdbf049d27,source_document_jpeg
41381_2421406260_0621-02128,41381_2421406260_0621-02128.jpg,1201195,bfb3df9c272fc546328dc628f400976ddb0754cfa4b55c602263d0e00b5c091a,source_document_jpeg
41381_2421406260_0623-00335,41381_2421406260_0623-00335.jpg,1265509,fbc2881de135fabc650b5e64acc4b7f71be6c8578648213fd05fa7c96d02a92c,source_document_jpeg
41381_2421406271_0802-02987,41381_2421406271_0802-02987.jpg,1083283,f1333d2199a820201346599ef99d8f12610e4088ea8918f2c7d35b0fa7e2077a,source_document_jpeg
41381_2421406271_0805-02584,41381_2421406271_0805-02584.jpg,1009254,ffd2da4a5f32739c8a801fbd3bf9bcfc6d63b4698e1d45815e8dc5b709ba9d7b,source_document_jpeg
41381_2421406271_0806-00006,41381_2421406271_0806-00006.jpg,1048611,c0b4028def063cc56d6ffffde9eb2a8e2b2eb2f2ca1239ae1f14e9089c617aa7,source_document_jpeg
41381_2421406271_0806-00056,41381_2421406271_0806-00056.jpg,1041222,71430f481ba811ee7bf168747e90896a1b011f629fd8e5669a3453324304cc06,source_document_jpeg
41381_2421406271_0808-02159,41381_2421406271_0808-02159.jpg,971503,c3ed3623dc605d4bb90b0eb28e5fabf7a3197d42fae6c0526e805df0da0a07df,source_document_jpeg
41381_2421406271_0809-01558,41381_2421406271_0809-01558.jpg,963044,84237ba1eaf2c60ac29d3be9871749fde39eae70b7c54489b20a25d2aaed8836,source_document_jpeg
41381_2421406271_0809-02487,41381_2421406271_0809-02487.jpg,992425,24af4b232bdd0b233c7a5dc619b5aa86fe2e6d5009eb4f0ab530f08706a3f05b,source_document_jpeg
41381_2421406271_0812-01791,41381_2421406271_0812-01791.jpg,995625,18fd6b533ffce610e83f5430f18d21c26e517bfb97f3d082c28d2b56356fbe28,source_document_jpeg
41381_2421406271_0812-03046,41381_2421406271_0812-03046.jpg,939296,031e9fcb5f65d3af9d95433e6ef4b5523b2c4e81a7e4acd89f63eb32bcc132f0,source_document_jpeg
41381_2421406271_0816-01603,41381_2421406271_0816-01603.jpg,994266,183c5144f21527bd43f03a9200623ecdc41e14ad0a7815f3f060e5267183c474,source_document_jpeg
41381_2421406271_0816-03790,41381_2421406271_0816-03790.jpg,981986,15d0342e5ee4399a06335832876023d99825339fcc9efe28754e081f5f05d4ad,source_document_jpeg
41381_2421406271_0820-02705,41381_2421406271_0820-02705.jpg,1007885,329c32117ada209b5675d48d2c33ae59c3fd0d53599d5ee3d6c45e625d9707b1,source_document_jpeg
41381_2421406271_0830-03022,41381_2421406271_0830-03022.jpg,1296491,259faf3993066796528c10f4d98d13d0b2532bb3686a3c14aafc95add4e0c0b9,source_document_jpeg
41381_2421406271_0835-00514,41381_2421406271_0835-00514.jpg,1036636,667a751b3ba4d11604c100c30a14274e54557f2ffe75d698ccbcf141556064ff,source_document_jpeg
41381_2421406271_0835-00865,41381_2421406271_0835-00865.jpg,1127879,ea20326987d35dbfaa85c6d84b07479a905a365ea5f3d897f34222c009b0e178,source_document_jpeg
41381_2421406271_0835-02226,41381_2421406271_0835-02226.jpg,1225191,adf82b990d7ee42f9e9f9dd74913b86a6e04209258d26560661797b21db5474f,source_document_jpeg
41381_2421406271_0836-00087,41381_2421406271_0836-00087.jpg,1094846,f3ebb565242ea8e34b306fc05a944312959629b2413977d2bae4941d98bd5e31,source_document_jpeg
41381_2421406271_0836-02038,41381_2421406271_0836-02038.jpg,1119668,e967ec8d292aabd6fc1a5221a6df58c306375a8b06d2bc69f9497957e2c78d36,source_document_jpeg
41381_2421406271_0839-02404,41381_2421406271_0839-02404.jpg,1155520,c5a58939cd6e81a7c8113043975bfbf6cf0b1284598aa7aadee1cd72cf13a19f,source_document_jpeg
41381_2421406271_0839-02773,41381_2421406271_0839-02773.jpg,1205361,fb54e9005a8cf6e9b7786ef174db55c3095d8f195fdc9f7a0301e580bb949b89,source_document_jpeg
41381_2421406271_0842-00340,41381_2421406271_0842-00340.jpg,1243288,6ac316742b46958a188482e7da2e0bc3bf5cd9f5d4891f6b5dd24fd7a3016974,source_document_jpeg
41381_2421406271_0842-02606,41381_2421406271_0842-02606.jpg,1163663,5b4536a0d4657189f7a5ad68087bd6896317169bcee46c50e6c6408d0ca5ec5f,source_document_jpeg
41381_2421406271_0842-02680,41381_2421406271_0842-02680.jpg,1164325,0a1ca4c3d03ac7eaca3bb00d451ae04a30a7e19b5705e848fa6add16ed5c75fa,source_document_jpeg
41381_2421406271_0843-00781,41381_2421406271_0843-00781.jpg,1095957,923f1c2da758c6d1ce6e5e171562835acc0a0b1f86120d15b85a3346fd35f6ba,source_document_jpeg
41381_2421406271_0848-01476,41381_2421406271_0848-01476.jpg,1144677,f6abf9c8e874fd178e3bf09e0889e34e69d92b44f3218ec4b0bb929c512bc751,source_document_jpeg
41381_2421406271_0849-01037,41381_2421406271_0849-01037.jpg,1200804,6246cda0f6de84176da4c689448385cf8732abaf2b3e535cc16c11e3bba5f790,source_document_jpeg
41381_2421406271_0850-01091,41381_2421406271_0850-01091.jpg,1116831,67c78841e42f782a4ff985247e29e46eab0762a88924f8385900846e92198476,source_document_jpeg
41381_2421406271_0851-00849,41381_2421406271_0851-00849.jpg,1144057,5b528327c4fd02a3531559a758535da399c333c0d604f7ef10194b0ac0b379b2,source_document_jpeg
41381_2421406271_0851-02179,41381_2421406271_0851-02179.jpg,923306,e9b666004c9e6dbfc2e0a0419612c01ff7530212418601f4c057c55a2ce7f781,source_document_jpeg
41381_2421406271_0852-03122,41381_2421406271_0852-03122.jpg,1175666,855e3e38ee212afa298da885c2b04c7827f06f7f3bfb24e4ec8f196e949cea15,source_document_jpeg
41381_2421406272_0591-00226,41381_2421406272_0591-00226.jpg,1034470,6086f698fcc9c6063382d42e6ff9571fa6e830355e49363a02629eacbd97bd05,source_document_jpeg
41381_2421406272_0592-00434,41381_2421406272_0592-00434.jpg,1146996,7a419573e9d1621413f0d4770443193d5458866e0408ce7be18550cb3028cc19,source_document_jpeg
41381_2421406272_0593-01538,41381_2421406272_0593-01538.jpg,1102254,c1a90a79fcba49259de0fd4a5dcb38392e2ef496b59718d19eeadafe359553dc,source_document_jpeg
41381_2421406272_0595-04203,41381_2421406272_0595-04203.jpg,975387,9b83d021de835cc8275842e7b955e0f225a51164b40767299f3993f69077e94c,source_document_jpeg
41381_2421406272_0595-04390,41381_2421406272_0595-04390.jpg,1081415,945c31150b309ea667fd60a4760a5415da1faa5477d6e92bee748b5e83074ea7,source_document_jpeg
41381_2421406272_0595-04985,41381_2421406272_0595-04985.jpg,1019113,6bbe91da0aa6695ec9e19f1d44dd718900ab2c69ed0a9ea9033e796d0dcbee8a,source_document_jpeg
41381_2421406272_0597-01293,41381_2421406272_0597-01293.jpg,1111799,fa2eaee377f5fc1a2a72ee978702fb6da4636be81cea88130f1ff1c211c091f1,source_document_jpeg
41381_2421406272_0606-02726,41381_2421406272_0606-02726.jpg,1108514,e360dca466192b527d21aa722129759e1128d9d3bf301c8313bfc7b6889e569d,source_document_jpeg
41381_2421406272_0606-03413,41381_2421406272_0606-03413.jpg,1186238,ba96a2872c709525ecb917063b11f0b78a7322b257f222a8600147d8ffff77f7,source_document_jpeg
41381_2421406272_0615-02284,41381_2421406272_0615-02284.jpg,987042,432da1f026b360cd1464ee47583e4c321f08bdb2e78cc7acffc8b9f6e11a8383,source_document_jpeg
41381_2421406272_0617-03417,41381_2421406272_0617-03417.jpg,1107880,7cd5e84e58badd1794e1cd04cc88783a21f508d4adffc7f16d3aee5fe38ed591,source_document_jpeg
41381_2421406272_0617-03541,41381_2421406272_0617-03541.jpg,1060729,f7b77a89d347c3f31e170930908e9b416cde98360c4da757b917a900106e373a,source_document_jpeg
41381_2421406272_0620-06994,41381_2421406272_0620-06994.jpg,1075165,d9ae625d2029b7e34ecc4ad759ed6da6ec1d4e220f12f1c603822f4d8a9610c8,source_document_jpeg
41381_2421406272_0621-02633,41381_2421406272_0621-02633.jpg,1083700,f946697c2e8cbb22b2ebdfb6e7df75b73111e06c3ba769398b39bd396c905e92,source_document_jpeg
41381_2421406272_0621-02876,41381_2421406272_0621-02876.jpg,1008468,5868a217cebc39a7961506c54587bb2b318f1ce1437ad3264b89ea73fa41941a,source_document_jpeg
41381_2421406272_0621-03214,41381_2421406272_0621-03214.jpg,1111824,240c9aa6c10ca1dccb5000860441ab409cfeb9dfa9679511a34a13a846c37a20,source_document_jpeg
41381_2421406272_0624-02543,41381_2421406272_0624-02543.jpg,1176419,51f0d98c24bf8e3e9ff7f66aa4c78ea63721a40b7e2d3bd9dd7461c6ef124363,source_document_jpeg
41381_2421406272_0625-01305,41381_2421406272_0625-01305.jpg,1172380,ae74971f483791729d470b2cd75c781104bd75dc8aa92ba4e753725a6197b114,source_document_jpeg
41381_2421406272_0627-02425,41381_2421406272_0627-02425.jpg,1217554,e9547058e7b7c575a5233dcb9f92d8020ad64a8c6c04b1451dd8d63f9f57f798,source_document_jpeg
41381_2421406272_0628-00907,41381_2421406272_0628-00907.jpg,1101481,380755b3dcf5b362013b98923282d523c11bd1dd7030785a0ebefb3070c2cb75,source_document_jpeg
41381_2421406272_0629-01262,41381_2421406272_0629-01262.jpg,985374,491341c2875c22f7a5d6d1a0213b7b7f177d966e46a531191dbcd01009cfac5f,source_document_jpeg
41381_2421406272_0631-01949,41381_2421406272_0631-01949.jpg,1104339,093754f4af222c08218dfdbd51b46ea5e0bdf755c6268c82d49359d1ff443524,source_document_jpeg
41381_2421406272_0633-01729,41381_2421406272_0633-01729.jpg,1207465,c8086ba3fe8236e0ff189f7a8a713d75962e83669b2657302e64edec102b3d8e,source_document_jpeg
41381_2421406272_0634-02284,41381_2421406272_0634-02284.jpg,969979,2b0affd07f2b8c970fc6b5f3316c2a6c814fd0a534f14824ae6d2050dde624f3,source_document_jpeg
41381_2421406272_0636-00566,41381_2421406272_0636-00566.jpg,1220588,4a5adb20647bde20048104fa4811dd732796a41ea2de613b25de13ad19ca453d,source_document_jpeg
41381_2421406272_0638-03497,41381_2421406272_0638-03497.jpg,1224910,fa9d7e6f7fc49308b68ef6d24c49f05b2a42f20a2f64236beec914bdeb51893c,source_document_jpeg
41381_2421406272_0639-00069,41381_2421406272_0639-00069.jpg,1269982,abaf32234b565b1c0a063c88b9828e791d5e59a7e91726896f5ce9f0dffd5ef6,source_document_jpeg
41381_2421406272_0639-02976,41381_2421406272_0639-02976.jpg,1219755,a3ae79c4419d69b9887bda2af761c0676d34665290d835cb859c68b5d4f76128,source_document_jpeg
41381_2421406272_0640-01496,41381_2421406272_0640-01496.jpg,1180902,81a10304a02097e4f496ff8a62e1de6dbd71c6dd573d9ef10cee800a6bdbe40d,source_document_jpeg
41381_2421406272_0641-01270,41381_2421406272_0641-01270.jpg,1269961,9e69bca3471b48a4804680413723a8d7f06d44aea984e0a5c4f513972245f461,source_document_jpeg
41381_2421406272_0644-01174,41381_2421406272_0644-01174.jpg,1116482,88133779af154bbbacd807687a1a261adeb7d7e510c03c395beac2bf534b31b7,source_document_jpeg
41381_2421406272_0644-01643,41381_2421406272_0644-01643.jpg,1170038,086a32f39ec7e813509a0adb05bfa1a2d422878f83e50372283e1ea7b0cb4b3a,source_document_jpeg
41381_2421406272_0646-00367,41381_2421406272_0646-00367.jpg,1166864,7c09594dbc5b380283f192447399e1c1415b1fd78c5cc9d644679d3f610a9dd9,source_document_jpeg
41381_2421406272_0646-01460,41381_2421406272_0646-01460.jpg,1226821,1384fad6bed5faa0a3843fbe476f14b964fbd23417bac566e50dba88376737fc,source_document_jpeg
41381_2421406272_0647-03145,41381_2421406272_0647-03145.jpg,1079890,f9877bbd7c95a1f0c9ffe0ae139f9afe27f581c8e6b8155ecdee6bf056e2ec57,source_document_jpeg
41381_2421406272_0649-01481,41381_2421406272_0649-01481.jpg,1142782,0fd88b8162e33451ca6a9606ebf6324260eb3fe3b4b61bf7ecf6b927c7580b83,source_document_jpeg
41381_2421406272_0649-02381,41381_2421406272_0649-02381.jpg,1201608,c9e040d4880884245b1a4c033db4837032b110937a9ccd379fb44e56b2acacd2,source_document_jpeg
41381_2421406272_0649-02705,41381_2421406272_0649-02705.jpg,1242926,4b9b7912f1f74f139db43a8cb08f2b39818faf15d30c48b820f7855a621f6085,source_document_jpeg
41381_2421406272_0651-00985,41381_2421406272_0651-00985.jpg,1097428,8ac945d91dd57715ce356685aef99e3380ba01e41651166eedacf85161603dac,source_document_jpeg
41381_2421406272_0652-03066,41381_2421406272_0652-03066.jpg,1129923,01990e18ec11b2af50081e3b1cd69ac71240b34e428ec99853b672735b8a0ae0,source_document_jpeg
41381_2421406272_0653-00040,41381_2421406272_0653-00040.jpg,1289373,1af3b7e3d8c8cca6b5e750ad2e84ef3bdb758f0d1c0f1eb44426b8e8fefcb98b,source_document_jpeg
41381_2421406272_0655-00472,41381_2421406272_0655-00472.jpg,1235241,09a8e3a57eba42c9969282eb3fd9c80c82a7da8b290920f1be24a9cd716ccf96,source_document_jpeg
41381_2421406272_0661-01467,41381_2421406272_0661-01467.jpg,1054274,79c7046ff1a195dbf8e18e6bd67818e48c00e5fd0b9c03d22c41be32ec663d9a,source_document_jpeg
41381_2421406272_0662-00327,41381_2421406272_0662-00327.jpg,1184249,1346f4be42aced82af3d19ec0c681ad3ab56113c6db79ca7603332b77baac70e,source_document_jpeg
41381_2421406272_0662-00942,41381_2421406272_0662-00942.jpg,899844,2759a8f8a9e8c478a35177f265ad1c6411abb4ac326ef57ab762958d08a00dbe,source_document_jpeg
41381_2421406272_0662-01253,41381_2421406272_0662-01253.jpg,1117528,9b05eaa41673304c21e2a691b635ee5757b1bffc45fdd7b268990c6e3b3311f0,source_document_jpeg
41381_2421406272_0663-00847,41381_2421406272_0663-00847.jpg,1197091,7c9685d1782b542428521a808a82048e0afc9f6f593d77b571f433198d61ff38,source_document_jpeg
41381_2421406272_0664-00833,41381_2421406272_0664-00833.jpg,1236848,88087cd9f853e3d4553fefafc09b40ef19b499fe6276a913a12bda58774f8913,source_document_jpeg
41381_2421406272_0666-01211,41381_2421406272_0666-01211.jpg,1157986,ce969133a976d21c6d8d480a6164e5de304326dce3d39020e4713548ce521c79,source_document_jpeg
41381_2421406274_0572-04405,41381_2421406274_0572-04405.jpg,1057601,41640487cff5c974ad0a6bcbe815177b1afd7fd75c603c8591e666f08d4fb6e4,source_document_jpeg
41381_2421406274_0576-00544,41381_2421406274_0576-00544.jpg,1034920,d4e98a66a1fda586a57e158997babf3830178a5b3320f568d33f9f61e83126db,source_document_jpeg
41381_2421406274_0576-01942,41381_2421406274_0576-01942.jpg,1022675,68768f24b9aaf1fd483f33864196343fd8b3b92baf14bc7a2120f31f4e4fa7c5,source_document_jpeg
41381_2421406274_0577-02690,41381_2421406274_0577-02690.jpg,1009208,e33946748a8e487b6846dfec4827e11af55fcec78d2bb9750601996be15d3d80,source_document_jpeg
41381_2421406274_0579-02966,41381_2421406274_0579-02966.jpg,1178223,15b163c4ad0c5d34557e229d82791ff0fe6bca541b005a01584b3dc31b3b4737,source_document_jpeg
41381_2421406274_0580-02498,41381_2421406274_0580-02498.jpg,1182781,1b8bb6af825486a6c963563c658feed0a21b733e6086db96f6cfe6e133918169,source_document_jpeg
41381_2421406274_0581-00929,41381_2421406274_0581-00929.jpg,1155649,37d1a6e77347cac665d458cf5f3d32ea9608e234612173d385026793ccb8749f,source_document_jpeg
41381_2421406274_0583-03348,41381_2421406274_0583-03348.jpg,1051248,c181db13403a1b2f7c7a0822bdd418d3f4d490b3396e8a826e703d7e24f9d3cb,source_document_jpeg
41381_2421406274_0585-02365,41381_2421406274_0585-02365.jpg,1166195,d612da59e6f36c1f2e683d9727402173f242eb235a69f67f2dac3ac9e94116aa,source_document_jpeg
41381_2421406274_0586-02183,41381_2421406274_0586-02183.jpg,1107156,47a1258dae65f128121a4850334a9b2b587bf2a991bd7a38d6dced5759146fb3,source_document_jpeg
41381_2421406274_0588-00638,41381_2421406274_0588-00638.jpg,1327824,e2418d12171c749b979c2e180f1df537e020dc971869e13d73f3743afce5f573,source_document_jpeg
41381_2421406274_0588-03356,41381_2421406274_0588-03356.jpg,1211083,40983e5365b676ba12c8a615f242ce531270ebde27b7569470beafa64851bcbd,source_document_jpeg
41381_2421406274_0590-00757,41381_2421406274_0590-00757.jpg,1073049,0a5d70a74d14c7311fd62137e9ec7546b45fcc6e1c482ba7bbbf72de3edc7a53,source_document_jpeg
41381_2421406274_0591-01245,41381_2421406274_0591-01245.jpg,1214937,14deaae787d41bd26025ab6717f1c2ffbf71eb144486aa03decce9ccd8cc524e,source_document_jpeg
41381_2421406274_0592-00549,41381_2421406274_0592-00549.jpg,1196636,a3f9b23b1d882f03acdccc10532ebaca1f3090de993fc4e9e610c05f3e052811,source_document_jpeg
41381_2421406274_0592-01759,41381_2421406274_0592-01759.jpg,1139431,0234be24531b9141e5fab49720a7a3e82bd0df4fa08f3ba5b3cdc62d301c202a,source_document_jpeg
41381_2421406274_0593-02482,41381_2421406274_0593-02482.jpg,1100124,17154b2d3af1ca52f1c165a67bd5f1e50cd746920afed01006c02bbf0e005713,source_document_jpeg
41381_2421406274_0600-01510,41381_2421406274_0600-01510.jpg,1197836,9922d0786dcf74f30ce04f5e66c6a0f0706e3a78a58d88a369798ae87ceab305,source_document_jpeg
41381_2421406274_0600-02839,41381_2421406274_0600-02839.jpg,1235546,c27f48b90e73c9734824b6a5b8d8b0d7572c32a180ee0fdd8e1db225d96f05e2,source_document_jpeg
41381_2421406274_0602-01656,41381_2421406274_0602-01656.jpg,1194107,24207ee56f498608234fc852313777c4929ea4f84f7c9c48d78a8f39e26dddee,source_document_jpeg
41381_2421406274_0602-02183,41381_2421406274_0602-02183.jpg,1244560,2c3a7128769de97c14ea4c9ca01723657a45d52409f13a3db423b5d1ba665d80,source_document_jpeg
41381_2421406274_0603-01105,41381_2421406274_0603-01105.jpg,1180633,f13466d07d6b05f06ccdf8f7c0a2e78010e090fa73fdf16fb88aa71d883ae051,source_document_jpeg
41381_2421406274_0603-01849,41381_2421406274_0603-01849.jpg,1198325,b7fd9597a17a7658887a4013e9344394ec5dbc13ef0f4c43b27f8cee4156b272,source_document_jpeg
41381_2421406274_0608-02256,41381_2421406274_0608-02256.jpg,1194882,085abb072cb1576f20da26368bc3727bb2224d0d921d90759c171fa3141a9aef,source_document_jpeg
41381_2421406274_0609-01001,41381_2421406274_0609-01001.jpg,1180129,db42d80263dc68c8119267b5ad63c89532ae864a592c4c55ce2e9ebc6ee8d18b,source_document_jpeg
41381_2421406274_0610-00746,41381_2421406274_0610-00746.jpg,1207802,513bf6071fa310145317790954e712fde47145797883b425ddd9cd38ab715ee0,source_document_jpeg
41381_2421406274_0610-02855,41381_2421406274_0610-02855.jpg,1183756,3abeef2a3ac17f348700f523553e836e0f3e3faac3c5539b48c403532f0c9967,source_document_jpeg
41381_2421406274_0612-01815,41381_2421406274_0612-01815.jpg,1090854,cfc006e5dcac7e199f939b8bea152ff7dd732ce1db5fefc43ac0be6a75da0b18,source_document_jpeg
41381_2421406274_0613-01488,41381_2421406274_0613-01488.jpg,1207009,2bfcf8b821657ce087f57225d05e3f51eb697b8d1ffea83095f07addb18eb961,source_document_jpeg
41381_2421406274_0615-02420,41381_2421406274_0615-02420.jpg,1342693,5b7bb335e5bf05c5ecaac493c9037269301ecce21681c64865f7a4fc2a138b0b,source_document_jpeg
41381_2421406274_0615-02742,41381_2421406274_0615-02742.jpg,1264580,bbf3feb3e5ee9a7ebbfb83898bcb29c1094a777c7de836da172a7641c7b8a1f0,source_document_jpeg
41381_2421406274_0774-00705,41381_2421406274_0774-00705.jpg,825465,7435fc2d32f99b2d435319a44d40fe2976e0eb1c807f4fb34d56438c400ef7f5,source_document_jpeg
41381_2421406274_0776-00432,41381_2421406274_0776-00432.jpg,833350,eac50c4a4b8a9f23ddb1bc375c936c2cb61fecc95184d9871f367eec8d7162d5,source_document_jpeg
41381_2421406274_0781-04366,41381_2421406274_0781-04366.jpg,844160,276e1ebfc94555d0916f4a62f6e20c6613951c0e8cb978f86e68577241d98c1a,source_document_jpeg
41381_620305176_0784-00898,41381_620305176_0784-00898.jpg,769885,bacd2e95133e5e7b9ac25bd16298b1cde804086fa8ee9460a4f180904e319baf,source_document_jpeg
41381_620305176_0789-03143,41381_620305176_0789-03143.jpg,801287,eeec25c68229ffb8e5c2174d2478dc82c9cb6c2cd3aa5e99ca8e40c9edd2e63e,source_document_jpeg
41381_620305176_0790-00683,41381_620305176_0790-00683.jpg,850368,d5958f6649b50c6dadc2d28a9f23eb011ac03bfd2c7ecfe4a5340a4fd045553c,source_document_jpeg
41381_620305176_0790-01568,41381_620305176_0790-01568.jpg,940490,0b426df642d51e8fdf4d18f9886747a0f1a4c83f1afdf8df7e17e6cc42daaede,source_document_jpeg
41381_620305176_0790-02924,41381_620305176_0790-02924.jpg,849294,b5b071d6f000cbc328cc4c5e42da7233aaa7145d716541e77b33585d2ac2e71d,source_document_jpeg
41381_620305176_0793-00467,41381_620305176_0793-00467.jpg,700176,45148e413327ee753ffdc16697460bfd7ae3a42ba877c7ff45aee569e40b8ff7,source_document_jpeg
41381_620305176_0795-03028,41381_620305176_0795-03028.jpg,1032706,6de6866543d7a1cf8f5eba92a7a329f02a1b847eb9c7aed0a836859ec19b54e4,source_document_jpeg
41381_620305176_0799-00517,41381_620305176_0799-00517.jpg,1125654,a68c8e370cfa8ddc53cbf7e7425e9b0cadaee49af6c54d577fa6617ce79a617e,source_document_jpeg
41381_620305176_0801-01873,41381_620305176_0801-01873.jpg,1109619,10a7e382e9a548749cfb9642c3f0a9d2a1a976c2d70727269eb85ce949ba8226,source_document_jpeg
41381_620305176_0805-00986,41381_620305176_0805-00986.jpg,1032590,623e6a8019664ed3d997534871b4c1e60b7e2312ebf73897f9ad60a114fa0c94,source_document_jpeg
41381_620305176_0806-03040,41381_620305176_0806-03040.jpg,806037,1c832c7766559e16d289afaea03b47b2acfffbc145f27f0f900f83b6af053469,source_document_jpeg
41381_620305176_0806-03447,41381_620305176_0806-03447.jpg,986057,befab5b033f97f3f68d399389d610e87cffa3fccd37f820a70f223fc63e3dbd4,source_document_jpeg
41381_620305176_0809-02567,41381_620305176_0809-02567.jpg,913859,220d9a460dd069df06fb1837404ada18fa2a4524dca217f82a12c99ea2a7b6fd,source_document_jpeg
41381_620305176_0809-02778,41381_620305176_0809-02778.jpg,938310,ac6ecb85af269ffc9ec1072e330b9b662c5f14559dec289d7ed59c92e1985477,source_document_jpeg
41381_620305176_0810-02613,41381_620305176_0810-02613.jpg,1043504,7770a64b1e57baaf317ce10e4d167e0b87a4165a55e1617fee4689ef1d9784e0,source_document_jpeg
41381_620305176_0814-02659,41381_620305176_0814-02659.jpg,1128970,e60f3d889a158776e709ff33a9f7a1ab46b550f69b0d4f822685f526e38edc0a,source_document_jpeg
41381_620305176_0816-03180,41381_620305176_0816-03180.jpg,929474,0ba385325447d0d9fea96c2c478257904672081496b64ba19e342446850ba9dd,source_document_jpeg
41381_620305176_0819-00865,41381_620305176_0819-00865.jpg,1165149,1f8dd04d041d4e34e40a6284e8b417f49ac047c28ea583c1f2e37074293d6917,source_document_jpeg
41381_620305176_0820-02085,41381_620305176_0820-02085.jpg,1171035,8c8cc28452c580a075a155c0a73e94299200b5f67597ba8c7ebd0bf3ff0e869b,source_document_jpeg
41381_620305176_0820-02633,41381_620305176_0820-02633.jpg,1251082,6d48eb81035551d28569676c701640ad26ada8cc7ae45aa506e6d3f828c04698,source_document_jpeg
41381_620305176_0827-03173,41381_620305176_0827-03173.jpg,1258098,86b12db3136143a9405f5508d1b00ef428e7d33b4c9ab315bdcf248c14c7766a,source_document_jpeg
41381_620305176_0827-03604,41381_620305176_0827-03604.jpg,1183510,ca26f3d5409d79a9bb52de9155ac21973f20e7a73ea0848bdac2f9f78ebd77d4,source_document_jpeg
41381_620305176_0830-03014,41381_620305176_0830-03014.jpg,1390219,4680528592372f84f80f64da9a81aace51ccf904deeeeaf41248df1fd2973baf,source_document_jpeg
41381_620305176_0831-03205,41381_620305176_0831-03205.jpg,1235998,9b11311be0422762d6f9516992ccf91dd7553b297ed059d1ef1e6d0e11bd9272,source_document_jpeg
41381_620305176_0833-02077,41381_620305176_0833-02077.jpg,1224261,5f138ba87a007e8490a54b4542db661e2ce91bcd7263e90a44d22ab21d6c4f17,source_document_jpeg
41381_620305176_0833-03229,41381_620305176_0833-03229.jpg,1210356,9b29aa9a010ba034186d91c8c53b3a047ca617d2600dbd262ee4db1f150fd2b1,source_document_jpeg
41381_620305176_0835-00244,41381_620305176_0835-00244.jpg,1268216,eec48f4fc70a2e87a3dd7e1df53fa8edd25c24becf8eb89ad83175f8e8f55fee,source_document_jpeg
41381_620305176_0836-03197,41381_620305176_0836-03197.jpg,1251092,340ff3ec608d9cbb771ecb4207503679ce5a8fd876778fc484d74f3bd1207fd1,source_document_jpeg
41381_620305176_0837-01765,41381_620305176_0837-01765.jpg,1319337,b1be19bfb931df507a309185c8123f4254ec02f42e6ed5e832aefb59f3a9422f,source_document_jpeg
41381_620305176_0837-02468,41381_620305176_0837-02468.jpg,1266850,eafe81ab17157188ba8b710f723fd24be6ae06a7c99b586e84f53463cad2229a,source_document_jpeg
41381_620305176_0840-00921,41381_620305176_0840-00921.jpg,1196040,7d24f5f9ead34435d522c6e59d529b181b8337d2e0169f2cd6261492b021a877,source_document_jpeg
41381_620305176_0846-01835,41381_620305176_0846-01835.jpg,1126066,5b7c6b24b0b9fe54edac9b694a25530a81e9c3478362ab7af7269d3a7f615ccb,source_document_jpeg
41381_620305176_0846-01908,41381_620305176_0846-01908.jpg,1190261,56f8e12130d0a0f5aa77d376babd4a9a46cfd0a0426ca6feaa85506429e665bc,source_document_jpeg
41381_620305176_0849-01144,41381_620305176_0849-01144.jpg,1173412,252bf705c9e1e543b0c4c0f1997c159c91151d3805dd30dbd1074eb4b072db63,source_document_jpeg
41381_620305176_0851-00914,41381_620305176_0851-00914.jpg,1172949,4225a8aef5a921bcb1c1ea8e75bcb76ab056a397e6e2cf4e28095f897e6c59d8,source_document_jpeg
41381_620305176_0853-00735,41381_620305176_0853-00735.jpg,1098520,2587d4350bc93d7500fc24c6714a360fe8c258b1d947a652465c90af1b84927c,source_document_jpeg
41381_620305176_0853-02537,41381_620305176_0853-02537.jpg,1177091,af0ac2e7a6fdb29e0ee4f8a16818d06e54053f75621345a5024e34c2a2021ebb,source_document_jpeg
41381_620305176_0856-00842,41381_620305176_0856-00842.jpg,1279682,727751e3d852e4958f0279152c5f4e5a3aa9bf0c40bf876d2a71816861c648cd,source_document_jpeg
41381_622204_0904-02372,41381_622204_0904-02372.jpg,618046,d8f248bb58ed572fb457ed04b1e8c71a078a82e66998fe6618d323f9e7bfdb12,source_document_jpeg
41381_622204_0905-01108,41381_622204_0905-01108.jpg,1300546,08891cee786130276afbc67378be9d6615d459ac39c65186eb1758fec3c5c016,source_document_jpeg
41381_622204_0908-02820,41381_622204_0908-02820.jpg,1225517,1252039902abf1e27e37c576c81534f12442f5219157f1a36eef27f87c7bd347,source_document_jpeg
41381_622204_0910-01100,41381_622204_0910-01100.jpg,1180652,788001b5d3add76acfaf37781dbb52f850ab0e974912740b07e53e0b3ddd4476,source_document_jpeg
41381_622204_0910-02572,41381_622204_0910-02572.jpg,1134700,67c1cf9abbbbe367bcc4313e853a505391cf875c3289305f89be2d1d32133e40,source_document_jpeg
41381_622204_0911-01225,41381_622204_0911-01225.jpg,1002647,b2b7d8b61d799bac56ec01621821ab9e5a3c914ebdf44747a435c8fc3bc08c12,source_document_jpeg
41381_622204_0915-00912,41381_622204_0915-00912.jpg,1122575,1f87ac9864f71f98dd56b94523bc9f2431d7a57ab07d6372cb7fd494d2d0ecb4,source_document_jpeg
41381_622204_0915-01267,41381_622204_0915-01267.jpg,1221123,439f6fe92b135a6be681b6cd4f11b368047eb5e57e325999de6d708516163f9f,source_document_jpeg
41381_622204_0915-02550,41381_622204_0915-02550.jpg,1198646,464578e3aac1f1d4b1ade10bebf3e528a2eeca6fba3bdc9d1af7a95908913f69,source_document_jpeg
41381_622204_0915-02559,41381_622204_0915-02559.jpg,1131554,5bf1653d2a2a69c712188aa65166ec226acb478bed300b5edd9d610b7c71b5ed,source_document_jpeg
41381_622204_0916-01682,41381_622204_0916-01682.jpg,1145500,732c58ecf8630efe3aef9a366f64f274b0c8de5e2009342ab1a47c094dce98f8,source_document_jpeg
41381_622204_0917-00933,41381_622204_0917-00933.jpg,1143429,088d3120ef56c296eaf7384893afb33f2dfafb076e4d94cc3473ba9b4cb13ec1,source_document_jpeg
41381_622204_0919-01139,41381_622204_0919-01139.jpg,1146517,f28a003f4ed28726667fc38b29d5a6a58a561c67bfea05f9b7c69d190f806f28,source_document_jpeg
41381_622204_0919-01170,41381_622204_0919-01170.jpg,1130818,d658deb9d01817733770191e42237601866b19b1cb5f914889f43d0f2972bb7a,source_document_jpeg
41381_622204_0920-01129,41381_622204_0920-01129.jpg,1198443,9bf3a227021a8623bdf4f6510ca5b9a42d10e85c5c2ff337daee008c13f5c5cd,source_document_jpeg
41381_622204_0921-00280,41381_622204_0921-00280.jpg,993617,f558908f0777f3d57cba02036f5448a25987f6dd7f0ce7b8ab42c8175735b7f9,source_document_jpeg
41381_622204_0921-02924,41381_622204_0921-02924.jpg,1067910,f8919216eac287a638d4f18f8ac540cc1f7fae071d02716533cb0dd456ade3a9,source_document_jpeg
41381_622204_0923-00222,41381_622204_0923-00222.jpg,982788,05de0dbcd6f6969c45db67c9cc3f7b87465e72279a2f4631a16366f13d5e2ffc,source_document_jpeg
41381_622204_0923-00750,41381_622204_0923-00750.jpg,1038712,e036d80588ac9ab804ea519ab1f6421c6643fff34f7063f894d19b09fc2ffcef,source_document_jpeg
41381_622204_0923-01261,41381_622204_0923-01261.jpg,1035387,6eb0c8c4b71e79543b9eee7c528287769009dc5e283152e41e217bcb9404879d,source_document_jpeg
41381_622204_0924-01352,41381_622204_0924-01352.jpg,1101379,3259aa0637fc2269be44d73dafd7561ec1c189e815b1855aad05aaf0d258e752,source_document_jpeg
41381_622204_0925-01417,41381_622204_0925-01417.jpg,1160518,9323a7421f53e0ae73211c709ba13d98ec86d068a37c1f4c1bf1b59617bc4f68,source_document_jpeg
41381_622204_0926-02240,41381_622204_0926-02240.jpg,1059424,6236aaf949aad6ff661d9855f1d2f4be7ab34f992df6796debf9774d4199d679,source_document_jpeg
41381_622204_0926-03059,41381_622204_0926-03059.jpg,1073052,f680644a8554e00122ef8dd983f6ff2672a740b7b415ff330039a24d179912ef,source_document_jpeg
41381_622204_0928-00955,41381_622204_0928-00955.jpg,1143634,15fc823ff3d3a486b005a90eb183cf4cd512a84ef606695e091210fe7ede3116,source_document_jpeg
41381_622204_0928-01618,41381_622204_0928-01618.jpg,1162077,06fcffd10090242e9adf335cc06f3a44a837a3329564af906b1c6417029e01da,source_document_jpeg
41381_622204_0930-00499,41381_622204_0930-00499.jpg,1188387,8f869ee795bb522b755611f613e0fa4376a539759628fa8b8d77acfb09478256,source_document_jpeg
41381_622204_0931-02633,41381_622204_0931-02633.jpg,1099963,1be9dc2936fb63103e854dc7967646329973810b5eaa336d5a978f7c955d7424,source_document_jpeg
41381_622204_0932-02406,41381_622204_0932-02406.jpg,1103401,8d00ecb53369b79467ff2a1ece55b63f22fff580e1a83d8b9756c23fe47c676e,source_document_jpeg
41381_645856_0481-05157,41381_645856_0481-05157.jpg,1093179,e4cd9a9f9fc59c80b05e240269c0ee7885f012958bfc3870dc588c372ea42237,source_document_jpeg
41381_645856_0483-03072,41381_645856_0483-03072.jpg,910321,2fcbc02391cb7442565dcb94cac69efb047a80fd15e720d4a0b4f5d2cb6bced4,source_document_jpeg
41381_645856_0484-00814,41381_645856_0484-00814.jpg,1028721,78758ac253eaf618a5aa961c94a35431f24ef9b10f1c86e4c42ff60ff5c231b4,source_document_jpeg
41381_645856_0485-00338,41381_645856_0485-00338.jpg,1025522,5ecb56f55748c097e95586e041732392e0892f262336822172d324fddda13a97,source_document_jpeg
41381_645856_0487-02481,41381_645856_0487-02481.jpg,937098,d9daf7fac6140682195ecd3ae4df3d9fda1cce97d43c793c27116f5a3d885043,source_document_jpeg
41381_645856_0488-02120,41381_645856_0488-02120.jpg,943555,977fdf1c4781d2afe93c8ff5101df0cc15325b64aead5de190aa2b93d97bf26d,source_document_jpeg
41381_645856_0489-02634,41381_645856_0489-02634.jpg,801344,1674dde512c7781a54f46904bbf3586a043ff3f2c06241d699eeadd5d667dda8,source_document_jpeg
41381_645856_0489-03474,41381_645856_0489-03474.jpg,847139,95f03a39150595bff95d9155fb2b6f849bde7878bc35133784afb5afd816820e,source_document_jpeg
41381_645856_0489-03935,41381_645856_0489-03935.jpg,1039020,66a9c250da8c3211bf5e5416666870166151d2c819215adceac34529c17768d7,source_document_jpeg
41381_645856_0492-03139,41381_645856_0492-03139.jpg,1049893,dc9df475adafac538d149e0171cfb349ee73c53661b68906bac5a50ac46eb124,source_document_jpeg
41381_645856_0493-00963,41381_645856_0493-00963.jpg,965355,85bd2760f8e6ee78530ed100c0f139f5cb0a9d1034f2098214d2848e2be3776a,source_document_jpeg
41381_645856_0494-00762,41381_645856_0494-00762.jpg,1023244,93f75f7c360a3f18750e79c681ee09c17be0b62ab45fd60c9fb601dda8d69241,source_document_jpeg
41381_645856_0497-03420,41381_645856_0497-03420.jpg,945790,543c46c3a8cdf279a1de9156fb1a3655e2ff1f540eade8c70508edd055b74ee8,source_document_jpeg
41381_645856_0498-00229,41381_645856_0498-00229.jpg,917021,586162a1af95d76a2004e0f0b3f60368fb55929d169d12e2fe37f32a5945cf16,source_document_jpeg
41381_645856_0498-00678,41381_645856_0498-00678.jpg,892303,1e0a8d6bec0c9429425e6d2cab9fefe36a21f48802475bbd829d9ca6c755f6e6,source_document_jpeg
41381_645856_0498-02176,41381_645856_0498-02176.jpg,957479,d3049ffd4504622a68dece9349b8033f28f5a9efaa1acdbfc378d9f6ce2c212c,source_document_jpeg
41381_645856_0499-03109,41381_645856_0499-03109.jpg,954296,9242e40084ca123b6b44128eb58c270d81874721ebda643e7878b9d2223f2d35,source_document_jpeg
41381_645856_0500-00141,41381_645856_0500-00141.jpg,914999,7c7d83782f9ace2763dc1e798f1e1787455c2d1e820f8bac8defbd79c7a26ab2,source_document_jpeg
41381_645856_0501-00364,41381_645856_0501-00364.jpg,998729,63d349fc39ca54197150a880c71648be7778998a6f5aa919a689a543e0b59b87,source_document_jpeg
41381_645856_0501-03524,41381_645856_0501-03524.jpg,984255,c369070f4de43c332267889e7d9cc12c465e753c6ac49babc97b673114a00a48,source_document_jpeg
41381_645856_0503-02530,41381_645856_0503-02530.jpg,1022948,afe98565a1b3d11e84d1b9bfd309de85fcc3eb2637da77f88b7b5feafe16fef8,source_document_jpeg
41381_645856_0506-02157,41381_645856_0506-02157.jpg,1016531,02a6288989de3afd6fffc758b2a44879b62ac839b517be2d851b80b9dc9cbfe2,source_document_jpeg
41381_645856_0506-02262,41381_645856_0506-02262.jpg,1007602,17eda9e5b0647a92d28ef6d56a82b890d77eae1394886e053d90fb225c29eaf3,source_document_jpeg
41381_645856_0508-00002,41381_645856_0508-00002.jpg,1019739,27cadbbf923a9fb6e1796945b215e09242d74d68e44d8f48ea066512bc1f85ed,source_document_jpeg
41381_645856_0510-02448,41381_645856_0510-02448.jpg,1068461,47671139163b1c8ba26512eceaed54306f0bdef2d27f02cb9b2a6c59a88c1b64,source_document_jpeg
41381_645856_0510-02755,41381_645856_0510-02755.jpg,1152006,d03bf4b23ea979cdc7ca37971bcec25ccf24b6bf8197866be5fd454e98401298,source_document_jpeg
41381_645856_0511-01473,41381_645856_0511-01473.jpg,1238598,de1b5f7e329b72d6f30a6fdc39ff736c5d2a3641b8ca634684ab8d0501e09a3f,source_document_jpeg
41381_645856_0512-00620,41381_645856_0512-00620.jpg,935342,5303f72748962ac2c4cf92cf755e6634667f97f0fbf9b7bf7cf284c791146be8,source_document_jpeg
41381_645856_0512-01368,41381_645856_0512-01368.jpg,1144497,ef8bcea44e8604b3fa33dc3efc375ae9ab636ce9f027ff923b20097c2060668d,source_document_jpeg
41381_645856_0513-01186,41381_645856_0513-01186.jpg,956070,b87e373636537f6fe73e6b763b72292832ff1bb5e123cf8f802d4d2a5df8935e,source_document_jpeg
41381_645856_0514-01336,41381_645856_0514-01336.jpg,1101204,26bc38818d2d918a3f7631bedec2e54add6efcc731bdfa041bd2caa436018d2e,source_document_jpeg
41381_645856_0515-01573,41381_645856_0515-01573.jpg,1041086,a992f14a2f385c148b4c446add7f82f0b1edc9920629ea0b0159d1e72169476a,source_document_jpeg
41381_645856_0516-01642,41381_645856_0516-01642.jpg,1090989,1a04b73eaee16f04ebd6f1d3bc216971a8cf4d72773153aff493c34175bd22d8,source_document_jpeg
41381_645856_0517-00040,41381_645856_0517-00040.jpg,1166151,99f9a5aaa2a3919908f6650c4d5ed3b835aac419b5bd5eb89389b955f7d9ba3e,source_document_jpeg
41381_645856_0517-02582,41381_645856_0517-02582.jpg,1120014,c7dbc8189f1087edaa65bd64cc19705027ec07a9b6982639c9fe80946c09d0cb,source_document_jpeg
41381_645856_0519-02237,41381_645856_0519-02237.jpg,1061597,b52199f52206e8025f3b88a8167edfc919f590916949adad0011ea4e2005c286,source_document_jpeg
41381_645856_0519-02863,41381_645856_0519-02863.jpg,1124007,51b09216b0911ca8bde02ef7f11c0c9ffeb118e7b843b0f75d67b7806886b1c7,source_document_jpeg
41381_645856_0521-02671,41381_645856_0521-02671.jpg,1016014,25af1b022433a647433d90d28dd931ecbae20d6c1f193067bd85e5a1dd508e5d,source_document_jpeg
41381_645856_0523-01798,41381_645856_0523-01798.jpg,1123026,265cd8db95d5b865225b514cbf62ff3f984cdb423a04e6f7780eb4cd74f02c5a,source_document_jpeg
41381_645856_0523-02142,41381_645856_0523-02142.jpg,1128580,cd0e40792d92079da886868e5839a224e61d256674bd7a0f47152aee7b46cf97,source_document_jpeg
41381_645856_0525-01988,41381_645856_0525-01988.jpg,1268757,c58f1e23e37ce83814a7fe7161c3a1e9b81ed219f6de618c9494baf99f777fbc,source_document_jpeg
41381_645856_0525-02356,41381_645856_0525-02356.jpg,1171405,e11dd88deb0363833203d080416f2ad9f1e23cec71c68ba72632d1a91bb6831f,source_document_jpeg
41381_645856_0525-02978,41381_645856_0525-02978.jpg,1069371,57be368cdc2931efb629a95b956cd5fb05efa5df3a9ccf776438e66f5037b57a,source_document_jpeg
41381_645856_0525-03039,41381_645856_0525-03039.jpg,1083697,7a80cde4369b07c2f68582a4beb35ef36feeb480794f6f4a0b567bcb0a638f11,source_document_jpeg
41381_645856_0526-00553,41381_645856_0526-00553.jpg,1109964,a22c4f3b9277fab94eed66ca32a7ca51fa201c91b89b8df3ed7f5b560febc9c6,source_document_jpeg
41381_645856_0526-01971,41381_645856_0526-01971.jpg,967545,05a264d8f2383bd39b543514b991cd1bc1a679ea33a524e722d07b8827860ce3,source_document_jpeg
41381_645856_0526-02173,41381_645856_0526-02173.jpg,1146866,4ddb2a7bd8d7c0cb898cbd0bf34db2d3843efbc96dbf379a755fcbb958db9f0d,source_document_jpeg
41381_645856_0532-01606,41381_645856_0532-01606.jpg,1118355,8b47c1b970397c930e5ce570dc3b9d87d2cbae72613d2e7f33db6fe749f02218,source_document_jpeg
41381_645856_0535-01342,41381_645856_0535-01342.jpg,1212483,470dc6ea61f62fe95c2b3a8176410b7d4313e2f0959c71f3cf00a32dc5c7fc64,source_document_jpeg
41381_646933_0640-00123,41381_646933_0640-00123.jpg,934408,ada7a25c530452f8bd0d1bf4cf3c422ff0f2502aa4855c0f4c3028ba117d1d27,source_document_jpeg
41381_646933_0640-03180,41381_646933_0640-03180.jpg,1107744,92ea031841f05d550ffbb1e273fe117c4e979bba7f5f11e3a318555d7bc5e70e,source_document_jpeg
41381_646933_0644-00339,41381_646933_0644-00339.jpg,1234430,ed724947ee3c5c24c63e01b467e2270f7aff1130fce096495bbe9dcc8c4d739b,source_document_jpeg
41381_646933_0652-02565,41381_646933_0652-02565.jpg,1131561,1030782873adfd69552bc7f2fbd06a338732887c3508d43176e91a8708ea5657,source_document_jpeg
41381_646933_0652-02701,41381_646933_0652-02701.jpg,1212978,fe22723ecc448a21c04bb5c01ad744ff6d80876cdf48c95343004a332743acce,source_document_jpeg
41381_646933_0657-03117,41381_646933_0657-03117.jpg,1140608,cf796bc9de90846958091f323f6a75c364906c750a71fd97f2d9c92290fa05ee,source_document_jpeg
41381_646933_0658-01449,41381_646933_0658-01449.jpg,1154032,ed4aa89c405dcf0099f9806c7d223073a3fad86e649b3eac2a51a3ba9e0a33f6,source_document_jpeg
41381_646933_0660-00177,41381_646933_0660-00177.jpg,1075607,47b36968e5ce6a1a0c033522f9e9df45fb215e9a9774abd8e09a1941b3a602d6,source_document_jpeg
41381_646933_0662-00173,41381_646933_0662-00173.jpg,1088415,6e1b9f5987f9efd098fad31b339299010237ae4a4e7c4202c6ea01acc9125c65,source_document_jpeg
41381_646933_0665-00651,41381_646933_0665-00651.jpg,1134027,2400488450e2d6752046d4cec8e0032cacc778c43a7c3bd20a131db50632ff1a,source_document_jpeg
41381_646933_0667-02999,41381_646933_0667-02999.jpg,1085531,6e15c784fb56c8b5d020cb17aaafb36322135da67e0e1a50479060593be2c4ea,source_document_jpeg
41381_646933_0668-01921,41381_646933_0668-01921.jpg,971646,d667ad331e18c905b72f0272aa54c6a506389f8949e188b04c93b307ecf7c66b,source_document_jpeg
41381_646933_0668-01931,41381_646933_0668-01931.jpg,1035459,6ff81ad33c669631462bd1d87ab599867e4c7c8ea753bc7dfbc294dd28b278a4,source_document_jpeg
41381_646933_0671-02056,41381_646933_0671-02056.jpg,1129543,37d38d89425d68b23606b0d862b1a02ea41c6090cdeef76228364a3e46645117,source_document_jpeg
41381_646933_0672-03152,41381_646933_0672-03152.jpg,1048273,8c75175b4384456b2afbba0061f64c9f285f13ec0e3660e15291b67541f17b3a,source_document_jpeg
41381_646933_0673-01109,41381_646933_0673-01109.jpg,1084002,4e4b8bd68a64f9fcb4b604380fa10f2c876c3f8220a6f4b9f9437257a7a6b223,source_document_jpeg
41381_646933_0676-00137,41381_646933_0676-00137.jpg,1018041,9e30f4e99dee454b74910ead224b8ade36ca099a5b5880c115bdc93a705aa386,source_document_jpeg
41381_646933_0676-01245,41381_646933_0676-01245.jpg,1044997,44d314241d3d36670557fc6fef22aec31553694e41adfc8b8ea2dd869f246da4,source_document_jpeg
41381_646933_0677-00177,41381_646933_0677-00177.jpg,1018864,d2078efd06d507a9a85d3723c9010927b105fc2c758832600688fbc7bf511a40,source_document_jpeg
41381_646933_0679-00385,41381_646933_0679-00385.jpg,1072703,8e0798892aac777ffea282c19c60612e7fc1b6bc4fb3bbbe69bbaadf0b3a0229,source_document_jpeg
41381_646933_0679-02856,41381_646933_0679-02856.jpg,1181009,8cbf08e8cad27b6ca924de5c534bbe7a7713db468613537ded3bca60238d0789,source_document_jpeg
41381_647350_0182-00907,41381_647350_0182-00907.jpg,943074,e2940d5434ef093301e6257313627d36a4bd1db8f0d165dd76695f3c089ab6a4,source_document_jpeg
41381_647350_0184-02384,41381_647350_0184-02384.jpg,1049780,16da379282724fe7f52a10539f812ccb89dddeaf8d02e768713f6f6b197cb71e,source_document_jpeg
41381_647350_0188-00273,41381_647350_0188-00273.jpg,951529,255d4006c41eadfa2863843eaeb7e45c08251318b3129c4ca5ccd58e670bb6b5,source_document_jpeg
41381_647350_0188-01636,41381_647350_0188-01636.jpg,947346,cbb5ca425f81988b62c22edf72802457e0a4be08f907cff4067804efde46a7e9,source_document_jpeg
41381_647350_0189-00378,41381_647350_0189-00378.jpg,961974,c200bdbd9519ec6cf81193ad8e58a66befeba9bbbbcd21725a70e2b5e532b712,source_document_jpeg
41381_647350_0189-00425,41381_647350_0189-00425.jpg,1025401,982070d9bae3056c655634b85b2e4e6efadfaf15cc09cb4b4f79269ef2809044,source_document_jpeg
41381_647350_0217-00448,41381_647350_0217-00448.jpg,1157066,14fcd84581aba8bd3ff46162e767b8030173d2693f3dcaf93ea0f34fab7c0f7e,source_document_jpeg
41381_647350_0226-02314,41381_647350_0226-02314.jpg,982056,ec9d76daffaba838bd87bf3d3d67639a6263870a717d74171cc1483409b4013b,source_document_jpeg
41381_647350_0226-02725,41381_647350_0226-02725.jpg,997902,b53d0af0eb43c0bdaabc9546067929326d4c4159223e8a8f89a4731b6dba98ba,source_document_jpeg
41381_647350_0231-00122,41381_647350_0231-00122.jpg,1015467,cf6fb9c6fa88b7a913a67796939d5a017dcea346092a5e9197a8b6bd8a46b3ee,source_document_jpeg
41381_647350_0243-02599,41381_647350_0243-02599.jpg,866649,0ec203240d9a0adfbd1086bd8a8db14f64a7bc2007bd6642f08cc0ae23f5ca05,source_document_jpeg
41381_647661_0562-01390,41381_647661_0562-01390.jpg,1150080,259d1225e485968b0f2901cb19edaa439204bfc07add3a47fd04c674b588a8a3,source_document_jpeg
41381_647661_0564-00396,41381_647661_0564-00396.jpg,1108569,3c35aedaa69b2deeb1fc903da2b27197815ad38f66f7dd89bade541c95986cd3,source_document_jpeg
41381_647661_0566-00191,41381_647661_0566-00191.jpg,1182808,41d74adb180acb2994f4604ff09eef26efb9ab749e183504d5ca45a8e8e37fe5,source_document_jpeg
41381_647661_0566-01937,41381_647661_0566-01937.jpg,1156163,9111dde438a3419e6a9644be43f486c89f4d8450c9e37a46caa0c816dbfde0f4,source_document_jpeg
41381_647661_0567-00737,41381_647661_0567-00737.jpg,1297689,7fa10443ca97370f887d058d79d399dbf44efbc4eeaf15dc75569d315024f756,source_document_jpeg
41381_647661_0567-02276,41381_647661_0567-02276.jpg,1165961,38d6c7b677c08f7f46166128e75e72c10784a0139e53362078b1224fa3078f7a,source_document_jpeg
41381_647661_0580-01742,41381_647661_0580-01742.jpg,1244649,8351ede3764acd6fd50954ea96247ebdbe8180fbe0bda5aea9ec5cf0239b8621,source_document_jpeg
41381_647661_0587-02809,41381_647661_0587-02809.jpg,1156192,dcd74b0bb77177f1572e57563145f7da0aca3f25e36cc45013b8a44e9ae391cf,source_document_jpeg
41381_647661_0588-01767,41381_647661_0588-01767.jpg,1141159,155e948977ae6e40e4325413a2f0f2864fb9533d7d982d19e449b1e11c75ee7e,source_document_jpeg
41381_647661_0588-01887,41381_647661_0588-01887.jpg,1169234,6af1f8bf6c12b81f801b89127f5a65afa8144b1d79af38dd8b648d88c1288599,source_document_jpeg
41381_647661_0589-01465,41381_647661_0589-01465.jpg,1171144,1961fb35875599663fb6846bada078bd96b7b731ff20594c9df24b37d998e5de,source_document_jpeg
41381_647661_0589-01977,41381_647661_0589-01977.jpg,1255672,69d8fae6ad4aed5e80c98053337a6ca94eb46c14fa58dd64880e0cde7d934095,source_document_jpeg
41381_647661_0592-02903,41381_647661_0592-02903.jpg,1152807,b829fa807e4eb29168a08781dedf6cf2f694869b76636b2a761a35b10fe99398,source_document_jpeg
41381_647661_0593-02447,41381_647661_0593-02447.jpg,1042165,f454118e869f46e948fac35f12aa2dc51386a3d957c1a044f96975b0f35e457e,source_document_jpeg
41381_647661_0594-01519,41381_647661_0594-01519.jpg,1214162,68fc1d4152d8b421ce68cd4a80064dd9bb0404d52ac3f257d137eb365dc9fc50,source_document_jpeg
41381_647661_0594-02823,41381_647661_0594-02823.jpg,1291431,59bf8a8cc18159a298c7efa249986757e18eadb7e4db43a069062140884ec6fb,source_document_jpeg
41381_647661_0595-01001,41381_647661_0595-01001.jpg,1116428,5a8816b68e575b73372ebe29bd317b804f6b4ffa0057b294cc91ee24c7165593,source_document_jpeg
41381_647661_0599-00603,41381_647661_0599-00603.jpg,1116665,983a3da36ecd55a1cd5b17686600350361160ee9aed7f656e60dddba0dd5bf64,source_document_jpeg
41381_647661_0600-00649,41381_647661_0600-00649.jpg,1200849,b02e891850878f87ab7183ad7699132da8a7edf7de510abfc40d4833e891eb2d,source_document_jpeg
41381_647661_0600-01250,41381_647661_0600-01250.jpg,991892,a93241702e5dd85d70dd4a51bad67d36d5b2b28ac733a6bcd622e35f3ff561a6,source_document_jpeg
41381_647680_0908-01219,41381_647680_0908-01219.jpg,1007775,119832fceab24c6dab7f3a4f39e0591f64b1f384c8e1c0a617843d1a5c94ee44,source_document_jpeg
41381_647680_0908-02849,41381_647680_0908-02849.jpg,878610,1d5a01ecb9316b035478d83333faaff337b5606e228a520ecc8a6406327cffa9,source_document_jpeg
41381_647680_0909-01041,41381_647680_0909-01041.jpg,1077415,a9411f897ce4b4736da569ccd95dda50d172edeac3593027963daba2d47055b8,source_document_jpeg
41381_647680_0909-01964,41381_647680_0909-01964.jpg,984837,d212b58854ebb887a391038e4d7424a53babcc46701af1cfefebb241b68dbbd2,source_document_jpeg
41381_647680_0910-03578,41381_647680_0910-03578.jpg,929962,93a33baacece58fc0469c4a3084fda441c49565bee446544773b517d53c718db,source_document_jpeg
41381_649063_0633-01963,41381_649063_0633-01963.jpg,887424,0a0c7178003d09f8572dae418ead310ee572c8df326b7dea2c057bf2e1e4f81d,source_document_jpeg
41381_649063_0641-02251,41381_649063_0641-02251.jpg,1462011,b4c410f9419631d3e71b5f14575e1108c64c8a4630489eba93d03e9ea4e7eda9,source_document_jpeg
41381_649063_0642-03158,41381_649063_0642-03158.jpg,1493445,093efb579c4513afcf05d7c6be3528ff60a1eb970ea78110b5d115e63e9b69dd,source_document_jpeg
41381_649063_0643-02686,41381_649063_0643-02686.jpg,1284802,4aef05c0bdae3e08d65d07c7e9417f96a768ce5206a2a5378419b00543a15c27,source_document_jpeg
41381_649063_0644-00150,41381_649063_0644-00150.jpg,1131795,2009e163ae67cbfe10788cc8a0fdbe1a21832876ea8cd65e07e6ff24fd5acd13,source_document_jpeg
41381_649063_0644-00900,41381_649063_0644-00900.jpg,1119472,fc0249e291347925ebdea9328e20c7ba9aa9a2728b8123133c11b199a9f22021,source_document_jpeg
41381_649063_0644-02493,41381_649063_0644-02493.jpg,1258277,ac889a67a69b4e279ae0ee0ec7751bdbcb70850b961888f967c4942d5f6083e7,source_document_jpeg
41381_649063_0647-01621,41381_649063_0647-01621.jpg,1164046,f64956a730e78624e07d3f7fd73c17cedbda14a4fae4a65ceb22393e88345162,source_document_jpeg
41381_649063_0647-02852,41381_649063_0647-02852.jpg,1218528,8db6b33a672ff1405e88e630d982239fd9819ecb6484c66bb226f2f7de8aade5,source_document_jpeg
41381_649063_0651-01192,41381_649063_0651-01192.jpg,1262522,fa8b481687f2663dad6ac7389053e93c5e120f26d0c449961e03f0a897bab4cc,source_document_jpeg
42342_1220705235_0636-01267,42342_1220705235_0636-01267.jpg,1290759,d95fcf6ec9102281ce2fb56c5dfb0320f546088beed6c7570faa58eb2486b7d2,source_document_jpeg
42342_1220705235_0640-02254,42342_1220705235_0640-02254.jpg,1206226,6f276895d5c0e217a0a72bc710ff78f4ca26f9e2739a68b9ece2af244555387d,source_document_jpeg
42342_1220705235_0640-02798,42342_1220705235_0640-02798.jpg,1115941,ee98aa372071a2947ab5de9722da8ec10ab7990d8d086f84a66662e4257f988a,source_document_jpeg
42342_1220705235_0640-03523,42342_1220705235_0640-03523.jpg,1248537,80e36bfc875cb9bab65b2a4b4613c512bf5c2da7ccc6033c41f0102e7ae049e2,source_document_jpeg
42342_1220705235_0641-02088,42342_1220705235_0641-02088.jpg,1353898,8102a04659055e3258f394efd2f90c252d3a0070c0a2ac2abfdc7fdcecee022f,source_document_jpeg
42342_1220705235_0642-00215,42342_1220705235_0642-00215.jpg,1321925,4f186f8fd92fba7508a5ca7a004ec355d34ea0c7062478e15fd927a6e432f65e,source_document_jpeg
42342_1220705235_0642-01145,42342_1220705235_0642-01145.jpg,1440253,94bc4c39c511a39bebdd9c0ecd76a9371d55adabee63dba6db9c67125baee847,source_document_jpeg
42342_1220705235_0642-01300,42342_1220705235_0642-01300.jpg,1195482,01695a12ea5bc2c5e85fb5f9425c655308b261fcfebd96f6f2a299dcacfd7ad0,source_document_jpeg
42342_1220705235_0643-01882,42342_1220705235_0643-01882.jpg,1327455,fa7d4dc737d4d5f3fa8d2e5930743ed1c8adbaeb1dd1fd8d6085a216978aa2ca,source_document_jpeg
42342_1220705235_0643-02403,42342_1220705235_0643-02403.jpg,1343608,974447566703d32fbfb2d251094b0266035585f89d2fed50c484a57f4024e9d1,source_document_jpeg
42342_1220705235_0645-01439,42342_1220705235_0645-01439.jpg,1261496,d8883182ccdfbc1f8469cfbec4fd3edd33f61602089b4a2147eb6dcf24a61e4d,source_document_jpeg
42342_1220705235_0645-02655,42342_1220705235_0645-02655.jpg,1179374,64b6af1d910ad6175c233355cdeb1067864904b1aa4774e9340278e8d269e477,source_document_jpeg
42342_1220705235_0647-03164,42342_1220705235_0647-03164.jpg,1258850,6c62745388c52070b54110884da966c8949786b905839e9858b245dffd3473e3,source_document_jpeg
42342_1220705235_0652-02956,42342_1220705235_0652-02956.jpg,1383597,9bd33dbcf618ffe65b0052284f114ee5f9deec709c2b3fce7d263e7a0f184075,source_document_jpeg
42342_1220705235_0653-00402,42342_1220705235_0653-00402.jpg,1346616,8a9e36b2ef063c486d0f8a3d1ff9744d9d4455947479eac4d7eed0ae5435a412,source_document_jpeg
42342_1220705235_0654-01636,42342_1220705235_0654-01636.jpg,1385207,c7ea1827cbd77e13bb5672f83197476ce944b3a88507fb13422347fa1122ec66,source_document_jpeg
42342_1220705235_0659-01100,42342_1220705235_0659-01100.jpg,1391507,987296bf24069ce9d979e5deb6b17f7d5bd27b870f1cbb458f285ec18f2a1a45,source_document_jpeg
42342_1220705235_0660-00619,42342_1220705235_0660-00619.jpg,1431849,7e56e2cab626e8b96eda6f0538d52ca920ef1c4ce56181e0c410c8d8b914b6da,source_document_jpeg
42342_1220705235_0660-02439,42342_1220705235_0660-02439.jpg,1421981,417651d057b46c9f7758639a3ab59eecbb37da5160547f7e5c2a06ed3674375b,source_document_jpeg
42342_1220705235_0661-03263,42342_1220705235_0661-03263.jpg,1392769,d57280b4afe4bd71569adc0658768b9788ac1d4606e8aeb82ceb0072dffee585,source_document_jpeg
42342_1220705235_0663-01923,42342_1220705235_0663-01923.jpg,1540154,80e8bd031ef36165133ec9189e2608e4592c467616b01cab1ac42fcd3d89cdb1,source_document_jpeg
42342_1220705235_0663-03119,42342_1220705235_0663-03119.jpg,1638113,13244799488e35d96de8e95464dc557f056c7dd0dade3754e7bd23a7eca952aa,source_document_jpeg
42342_1220705235_0664-00850,42342_1220705235_0664-00850.jpg,1620553,4afaf68c2fb02ae7f9d3578e3ada45c6e77d3e1ac9da993006c159b23430a31a,source_document_jpeg
42342_1220705235_0667-00594,42342_1220705235_0667-00594.jpg,1616285,c25025ac27166002a57a904b80b65f72b18e9e11fb9bc3759d9851f0af917819,source_document_jpeg
42342_1521003235_0453-02964,42342_1521003235_0453-02964.jpg,1018917,06318163eddab2b7674b59d2188193bb784c7e8ceef34cdb6a02229d8df07fd5,source_document_jpeg
42342_1521003235_0454-01690,42342_1521003235_0454-01690.jpg,987136,75b5b7216aae422ef06e19916a64b26d76883bca0d2c28ee3cfb3e8bcbd98b31,source_document_jpeg
42342_1521003235_0460-00339,42342_1521003235_0460-00339.jpg,1132684,ab07536bc6c91944b32a6ae9c7cd65f377cd09464c072ee4d3c176ea44b012cd,source_document_jpeg
42342_1521003235_0461-00494,42342_1521003235_0461-00494.jpg,1196051,77f61f67982081fcccfd13e9f0e4b2a9661987f09003c58653904c37973b62b3,source_document_jpeg
42342_1521003235_0469-02247,42342_1521003235_0469-02247.jpg,1300515,8f299c17f7d848866d0396290f7960bdef87136c8ff998ae0d250e436277de60,source_document_jpeg
42342_1521003235_0472-00836,42342_1521003235_0472-00836.jpg,1293600,d7286588a28c5bf83c23a00250818acbb1eab1d68855f62a0754af59bd36b879,source_document_jpeg
42342_1521003235_0477-00883,42342_1521003235_0477-00883.jpg,1333538,7d37e29525a805cff6a4bc977bba26a6d120e9ed4b01b694baebd3256660b91f,source_document_jpeg
42342_1521003235_0477-01064,42342_1521003235_0477-01064.jpg,1020330,c64c15aedc972b97292a7944d2f9aaeee5bb50e06321657512b011989c4d8b61,source_document_jpeg
42342_1521003235_0481-01075,42342_1521003235_0481-01075.jpg,1134780,fb37e986dda976e8cb954d8d011eafd97cc014b0eb1b7dddecad1529f0fa095f,source_document_jpeg
42342_1521003235_0482-01045,42342_1521003235_0482-01045.jpg,1410181,ec77b1e10cc9bdbea812c4eb3d487b708f1b5bed3afe841c2867d5d83ebbbde6,source_document_jpeg
42342_1521003235_0486-00789,42342_1521003235_0486-00789.jpg,1416107,6c04b04fa2f2540cf65f5228fb1b72fa6c10c9ffc40f8a2a6d865f06fe50a4c8,source_document_jpeg
42342_1521003235_0487-00282,42342_1521003235_0487-00282.jpg,1515448,611ef0b74a8746bc60610a60dc6d24f9494b03a8e4fa1a835adc4b0cc5ea6b04,source_document_jpeg
42342_1521003235_0487-00467,42342_1521003235_0487-00467.jpg,1350236,a7aa096574aa09378aa70fd22734a1e7baadc6d472c0892691d06e87b9a2f880,source_document_jpeg
42342_1521003235_0487-00503,42342_1521003235_0487-00503.jpg,1428414,ad5b81586bc0c4afb66ce01f2eff967db5630aa3495dff14e88eeb099951442c,source_document_jpeg
42342_1521003235_0487-02384,42342_1521003235_0487-02384.jpg,1310136,b0485407f850d62dd89d0917ce489f0cadacd71c51954f8fd41348626fe26ad7,source_document_jpeg
42342_1521003235_0488-02071,42342_1521003235_0488-02071.jpg,1339208,2c50968aee263b5eea5fb28c39f823ff5b968b3db3d607a7dee947607655d5f6,source_document_jpeg
42342_1521003235_0489-01212,42342_1521003235_0489-01212.jpg,1447628,42e247fa9acce729b9023c115adfec78db5dd11748fde8a42c0dbffb235f0529,source_document_jpeg
42342_1521003235_0490-01804,42342_1521003235_0490-01804.jpg,1348999,1ff5f62d47697ad241f5837a2e8a127b6bfef8c5b7fc05891961cbbb337c5b55,source_document_jpeg
42342_1521003235_0491-00996,42342_1521003235_0491-00996.jpg,1437242,00d9468da3a411272271a86ff12a1eaf8d369e0365c9eda604d030273fd13c78,source_document_jpeg
42342_1521003235_0494-02034,42342_1521003235_0494-02034.jpg,1491362,5ff6f03e09d4486d58c87f3f3b705807d9a912b40315305115cd352435d7406d,source_document_jpeg
42342_1521003235_0498-01853,42342_1521003235_0498-01853.jpg,1427512,64af36042e47a368ef26cb6e68a9e2fbb67c7efeaae923eb073a4fb828273b13,source_document_jpeg
42342_1521003235_0504-00644,42342_1521003235_0504-00644.jpg,1550807,85c1cf00deee225fce193919e2221c71f81eec899fc89437ab85ad56577317b5,source_document_jpeg
42342_1521003235_0504-02946,42342_1521003235_0504-02946.jpg,1469955,81648cbaa7edbf3a2993a4b1f72c9cb9faf7fd1e38494bd92fac359d7f38a1f7,source_document_jpeg
42342_1521003235_0504-03833,42342_1521003235_0504-03833.jpg,1511706,eb911c352cb111469d285d20ec8732cc52abf4aada2a530eb5404dd99016d257,source_document_jpeg
42342_1521003235_0506-00093,42342_1521003235_0506-00093.jpg,1536614,d3b6b01880d207eaabe28228768610d409faf34fed20b549d79061a6d9798e39,source_document_jpeg
42342_1521003235_0506-00817,42342_1521003235_0506-00817.jpg,1504744,3acd5825296dae6a69b9cf589b7f72a4d2eb57c2bfa2da8639a6961afc588c08,source_document_jpeg
42342_1521003235_0507-01554,42342_1521003235_0507-01554.jpg,1428633,f9533c2ac50202eaeb70b38321201413ebbb329df661c5cd2d21b383880efb23,source_document_jpeg
42342_1521003235_0507-02654,42342_1521003235_0507-02654.jpg,1535402,959328840450ac19759d04170f0a01c16268863262d1f02c53692a34dda5b6b8,source_document_jpeg
42342_1521003235_0509-01966,42342_1521003235_0509-01966.jpg,1483083,672fa4a88d45d0b0085a00b0976361074db81139679dfd663685f4d99f1f9512,source_document_jpeg
42342_1521003235_0510-02498,42342_1521003235_0510-02498.jpg,1472178,32b2208506594cc2b70bf283d9c16e4bb9432db9742e86dfea60d94755997477,source_document_jpeg
42342_1521003235_0511-00014,42342_1521003235_0511-00014.jpg,1479099,bdeac1471e352f4c5d492fb835ca56f1990577486046e0666defd33b75b1745c,source_document_jpeg
42342_1521003235_0512-00460,42342_1521003235_0512-00460.jpg,1490140,9a0e80ce2ca4a70487acc87f5dcfaa4cfb077133a59e4d63ef0035fb836e705f,source_document_jpeg
42342_1521003235_0512-02532,42342_1521003235_0512-02532.jpg,1517661,46e7ca95569992b51e7988d4610d11bda2ea27563b1ec3445cda8caac989dc0d,source_document_jpeg
42342_1521003235_0513-00237,42342_1521003235_0513-00237.jpg,1434998,efe38ae414d8d65f54e1868bf36448430e28a38edaccaccc509c316583e582fd,source_document_jpeg
42342_1521003235_0514-02155,42342_1521003235_0514-02155.jpg,1481905,67ecf2179f3430237e26b6fd0edc490c05c9000728b9f71ba9a5599770c0bc79,source_document_jpeg
42342_1521003235_0515-01039,42342_1521003235_0515-01039.jpg,1328805,015685e0d99f26844cc34ab9c8efcd0301a1ed3e0210f0b069cfa2f6cc72c99c,source_document_jpeg
42342_1521003238_0749-00114,42342_1521003238_0749-00114.jpg,1327308,4d2fccf5f7044896b0c0de647ea2796100004ed14c71c1d8f0518d8a5126b82d,source_document_jpeg
42342_1521003238_0749-02393,42342_1521003238_0749-02393.jpg,1307135,54f8294ec120af50227b733d03b99b5e6203439df3d82a66c07cc7b951f87fa0,source_document_jpeg
42342_1521003238_0750-02864,42342_1521003238_0750-02864.jpg,1330734,c05fc70f37a638d390caabca65e42f6c34b9d1507e048cd1898e0795b54a536b,source_document_jpeg
42342_1521003238_0753-00771,42342_1521003238_0753-00771.jpg,1471430,ec8bd4a02e5037816db0a322f4b8e7e1ad09b91e7604302a96d0cf69b04b746a,source_document_jpeg
42342_1521003238_0755-02224,42342_1521003238_0755-02224.jpg,1415437,9450275c610e9799630f2f2a3410875fa298251b8d44d46e52442c17380afd8d,source_document_jpeg
42342_1521003238_0756-02632,42342_1521003238_0756-02632.jpg,1293831,ce4203261a4822ff6a1f42762bb4ca7163ea065ed7e2aaa981f203866601326a,source_document_jpeg
42342_1521003238_0761-00390,42342_1521003238_0761-00390.jpg,1487686,b26a7982f3a8f01cc4e041e4bb8419cd8e3571d267c371096f6e2c475fca1c49,source_document_jpeg
42342_1521003238_0761-02555,42342_1521003238_0761-02555.jpg,1332504,731907f2bc517145075d01d667456dd0bdaa536fde2c01d9dd57f36da147d581,source_document_jpeg
42342_1521003238_0762-02732,42342_1521003238_0762-02732.jpg,1428569,8c17b42fb468aed056a30e52ebe668764c101cdc1f5aa94dd9123f78b1bdf38d,source_document_jpeg
42342_1521003238_0764-00461,42342_1521003238_0764-00461.jpg,1255524,0cd862a6f57e47956a3e8889dcf28719d51d58615d2dad11e601f489e018e7ee,source_document_jpeg
42342_1521003238_0764-00614,42342_1521003238_0764-00614.jpg,1198018,28bc24042e67ffa1c60224970c4f2aee119c33a81134dac5fa226f3a14973b00,source_document_jpeg
42342_1521003238_0765-00104,42342_1521003238_0765-00104.jpg,1574239,dc754bf469e328c676d355e7b9432c2ccf1efd6d26ea1f0e08c1bf768ce20702,source_document_jpeg
42342_1521003238_0765-01340,42342_1521003238_0765-01340.jpg,1427214,7e2e0f4d3d283f1afa889022a276415230e7ff1b5080fbfccc005c40adcdf102,source_document_jpeg
